230c3d801fe8c0296986c09d27e7f32a41ec933e	Change Parameter Type	1
f1924734195cd5a3e911428295d5946e816a41e9	Extract Variable	1
f1924734195cd5a3e911428295d5946e816a41e9	Extract Variable	1
f1924734195cd5a3e911428295d5946e816a41e9	Extract Variable	1
f1924734195cd5a3e911428295d5946e816a41e9	Extract Variable	1
0a78ed4cb1020311e4c768658eac4ac31224a0fa	Extract And Move Method	1
0a78ed4cb1020311e4c768658eac4ac31224a0fa	Extract And Move Method	1
6c01c34ecfded755c92f531321809d2f6908c476	Change Method Access Modifier	1
6c01c34ecfded755c92f531321809d2f6908c476	Add Thrown Exception Type	1
6c01c34ecfded755c92f531321809d2f6908c476	Add Thrown Exception Type	1
6c01c34ecfded755c92f531321809d2f6908c476	Add Thrown Exception Type	1
6c01c34ecfded755c92f531321809d2f6908c476	Add Thrown Exception Type	1
6c01c34ecfded755c92f531321809d2f6908c476	Add Thrown Exception Type	1
5284851b0828dc39bf13f2ec09c2c0b3aa355676	Remove Class Annotation	1
1dd9cd0b3ba10e0b12d2b0525f17d6a909414264	Change Method Access Modifier	1
1dd9cd0b3ba10e0b12d2b0525f17d6a909414264	Change Method Access Modifier	1
1dd9cd0b3ba10e0b12d2b0525f17d6a909414264	Change Method Access Modifier	1
1dd9cd0b3ba10e0b12d2b0525f17d6a909414264	Change Method Access Modifier	1
cd31e5ce52751d6692245848d341af3b37460f53	Extract Method	1
cd31e5ce52751d6692245848d341af3b37460f53	Rename Attribute	1
cd31e5ce52751d6692245848d341af3b37460f53	Change Attribute Type	1
cd31e5ce52751d6692245848d341af3b37460f53	Add Attribute Annotation	1
cd31e5ce52751d6692245848d341af3b37460f53	Rename Attribute	1
cd31e5ce52751d6692245848d341af3b37460f53	Change Attribute Type	1
cd31e5ce52751d6692245848d341af3b37460f53	Add Attribute Annotation	1
2a9177168be58ee3b24aa85f8903d534a2a994d8	Modify Class Annotation	1
ae8b62b3ee7bb8609a24f384f02163606043e022	Extract Variable	1
ae8b62b3ee7bb8609a24f384f02163606043e022	Extract Variable	1
ecb7083abf358ab79b038367052d6dfb3816a9d3	Change Parameter Type	1
ecb7083abf358ab79b038367052d6dfb3816a9d3	Change Parameter Type	1
12d37ffdc35d985287ce0badb1cf9a5d2a6f50f6	Extract Variable	1
12d37ffdc35d985287ce0badb1cf9a5d2a6f50f6	Extract Variable	1
0943ef5a6165c2c2796eb0dafd2246e58982cc0b	Extract And Move Method	1
a83a9b79e43fa3fcc6988e0a48bb32341ec1b68c	Extract Variable	1
a83a9b79e43fa3fcc6988e0a48bb32341ec1b68c	Change Variable Type	1
a83a9b79e43fa3fcc6988e0a48bb32341ec1b68c	Rename Variable	1
126c8ea961606d745a482b2ad9fa4cd1f2727f30	Extract Variable	1
fead71bca0520422374a7b7c73f9488bad36207a	Add Parameter	1
fead71bca0520422374a7b7c73f9488bad36207a	Add Parameter	1
fead71bca0520422374a7b7c73f9488bad36207a	Add Parameter	1
fead71bca0520422374a7b7c73f9488bad36207a	Add Parameter	1
737f58cecb29dae0bdbedbfa486494f9c299d25a	Remove Method Annotation	1
5f0b2ee8e3cdc417659c0d2b4a4214e1b975ac4c	Remove Parameter	1
878b3ff93b8ca6dc7195b1f99713cc3022a7373d	Add Method Annotation	1
878b3ff93b8ca6dc7195b1f99713cc3022a7373d	Add Class Annotation	1
81db25825d5b491fc1f188f63c055b7116fe8da6	Add Method Annotation	1
5c41565f39d95681e18cd5d56f6400e13f2a0c80	Add Method Annotation	1
5c41565f39d95681e18cd5d56f6400e13f2a0c80	Change Method Access Modifier	1
5c41565f39d95681e18cd5d56f6400e13f2a0c80	Move Method	1
ce65ff5527fe54dbd3116cc33b6e9cb67f02aca1	Rename Class	1
ce65ff5527fe54dbd3116cc33b6e9cb67f02aca1	Change Variable Type	1
ce65ff5527fe54dbd3116cc33b6e9cb67f02aca1	Rename Variable	1
ce65ff5527fe54dbd3116cc33b6e9cb67f02aca1	Rename Attribute	1
ce65ff5527fe54dbd3116cc33b6e9cb67f02aca1	Change Attribute Type	1
ce65ff5527fe54dbd3116cc33b6e9cb67f02aca1	Remove Attribute Annotation	1
ce65ff5527fe54dbd3116cc33b6e9cb67f02aca1	Rename Attribute	1
ce65ff5527fe54dbd3116cc33b6e9cb67f02aca1	Remove Parameter	1
ce65ff5527fe54dbd3116cc33b6e9cb67f02aca1	Move And Rename Method	1
89103b6d131cd2a695ebfd5bd1584da06a78d9e6	Rename Class	1
89103b6d131cd2a695ebfd5bd1584da06a78d9e6	Move And Rename Class	1
89103b6d131cd2a695ebfd5bd1584da06a78d9e6	Rename Class	1
89103b6d131cd2a695ebfd5bd1584da06a78d9e6	Change Return Type	1
89103b6d131cd2a695ebfd5bd1584da06a78d9e6	Change Return Type	1
f28bca609a25aef4cfe13afaf88d5c0e9e83cfbf	Add Parameter	1
24ac43a79974c1576c265734403fafe0c895d27c	Add Parameter	1
24ac43a79974c1576c265734403fafe0c895d27c	Add Parameter	1
24ac43a79974c1576c265734403fafe0c895d27c	Rename Method	1
24ac43a79974c1576c265734403fafe0c895d27c	Change Variable Type	1
24ac43a79974c1576c265734403fafe0c895d27c	Rename Variable	1
24ac43a79974c1576c265734403fafe0c895d27c	Rename Attribute	1
24ac43a79974c1576c265734403fafe0c895d27c	Change Attribute Type	1
24ac43a79974c1576c265734403fafe0c895d27c	Rename Attribute	1
24ac43a79974c1576c265734403fafe0c895d27c	Change Attribute Type	1
70553912301684745783205355d3a3e033475849	Change Method Access Modifier	1
70553912301684745783205355d3a3e033475849	Change Method Access Modifier	1
70553912301684745783205355d3a3e033475849	Change Method Access Modifier	1
735f0c39f7e0b09e5a40879835b04e2eae6daf6b	Remove Thrown Exception Type	1
735f0c39f7e0b09e5a40879835b04e2eae6daf6b	Change Variable Type	1
735f0c39f7e0b09e5a40879835b04e2eae6daf6b	Remove Thrown Exception Type	1
735f0c39f7e0b09e5a40879835b04e2eae6daf6b	Remove Thrown Exception Type	1
735f0c39f7e0b09e5a40879835b04e2eae6daf6b	Remove Thrown Exception Type	1
735f0c39f7e0b09e5a40879835b04e2eae6daf6b	Remove Thrown Exception Type	1
735f0c39f7e0b09e5a40879835b04e2eae6daf6b	Remove Thrown Exception Type	1
735f0c39f7e0b09e5a40879835b04e2eae6daf6b	Remove Thrown Exception Type	1
735f0c39f7e0b09e5a40879835b04e2eae6daf6b	Remove Thrown Exception Type	1
735f0c39f7e0b09e5a40879835b04e2eae6daf6b	Remove Method Annotation	1
735f0c39f7e0b09e5a40879835b04e2eae6daf6b	Change Variable Type	1
735f0c39f7e0b09e5a40879835b04e2eae6daf6b	Remove Method Annotation	1
735f0c39f7e0b09e5a40879835b04e2eae6daf6b	Remove Method Annotation	1
895c3ddb4971fde955f6e49eed12738cb599b1a5	Extract Variable	1
895c3ddb4971fde955f6e49eed12738cb599b1a5	Remove Method Annotation	1
895c3ddb4971fde955f6e49eed12738cb599b1a5	Extract Method	1
895c3ddb4971fde955f6e49eed12738cb599b1a5	Extract Variable	1
895c3ddb4971fde955f6e49eed12738cb599b1a5	Add Class Annotation	1
76cd590ca30e09bd9353b5e2900c4be112cd146a	Extract And Move Method	1
29bb93bc29d8fe16b24e20d52c0ef2b09dbee7df	Add Method Annotation	1
29bb93bc29d8fe16b24e20d52c0ef2b09dbee7df	Remove Method Annotation	1
29bb93bc29d8fe16b24e20d52c0ef2b09dbee7df	Change Variable Type	1
29bb93bc29d8fe16b24e20d52c0ef2b09dbee7df	Rename Variable	1
29bb93bc29d8fe16b24e20d52c0ef2b09dbee7df	Rename Variable	1
29bb93bc29d8fe16b24e20d52c0ef2b09dbee7df	Change Variable Type	1
29bb93bc29d8fe16b24e20d52c0ef2b09dbee7df	Rename Variable	1
29bb93bc29d8fe16b24e20d52c0ef2b09dbee7df	Change Parameter Type	1
29bb93bc29d8fe16b24e20d52c0ef2b09dbee7df	Rename Parameter	1
29bb93bc29d8fe16b24e20d52c0ef2b09dbee7df	Rename Attribute	1
29bb93bc29d8fe16b24e20d52c0ef2b09dbee7df	Change Attribute Type	1
8a8cde0ce314e47aca220a356d95de7d62dccb8e	Add Parameter Annotation	1
8a8cde0ce314e47aca220a356d95de7d62dccb8e	Add Parameter	1
137ffc992f66df4dce0320355504fcfd8f96142c	Extract Variable	1
d31f3c24822362f5e037ea0df7ea58e8820897bc	Add Method Annotation	1
d31f3c24822362f5e037ea0df7ea58e8820897bc	Add Method Annotation	1
d31f3c24822362f5e037ea0df7ea58e8820897bc	Add Method Annotation	1
d31f3c24822362f5e037ea0df7ea58e8820897bc	Add Method Annotation	1
d31f3c24822362f5e037ea0df7ea58e8820897bc	Add Method Annotation	1
d31f3c24822362f5e037ea0df7ea58e8820897bc	Add Method Annotation	1
d31f3c24822362f5e037ea0df7ea58e8820897bc	Add Method Annotation	1
d31f3c24822362f5e037ea0df7ea58e8820897bc	Add Method Annotation	1
d31f3c24822362f5e037ea0df7ea58e8820897bc	Add Method Annotation	1
d31f3c24822362f5e037ea0df7ea58e8820897bc	Add Method Annotation	1
d31f3c24822362f5e037ea0df7ea58e8820897bc	Add Method Annotation	1
9f69029ef0265f7a0db8ab1f72a03f7f2d2aef0e	Move Class	1
a931184edfc35102a7db64d48d6b33c3eb4a323a	Move Class	1
a931184edfc35102a7db64d48d6b33c3eb4a323a	Move Class	1
a931184edfc35102a7db64d48d6b33c3eb4a323a	Move Class	1
a931184edfc35102a7db64d48d6b33c3eb4a323a	Add Class Annotation	1
a931184edfc35102a7db64d48d6b33c3eb4a323a	Remove Method Annotation	1
a931184edfc35102a7db64d48d6b33c3eb4a323a	Remove Method Annotation	1
a931184edfc35102a7db64d48d6b33c3eb4a323a	Remove Method Annotation	1
a931184edfc35102a7db64d48d6b33c3eb4a323a	Remove Method Annotation	1
a931184edfc35102a7db64d48d6b33c3eb4a323a	Remove Method Annotation	1
a931184edfc35102a7db64d48d6b33c3eb4a323a	Remove Method Annotation	1
a931184edfc35102a7db64d48d6b33c3eb4a323a	Remove Method Annotation	1
a931184edfc35102a7db64d48d6b33c3eb4a323a	Remove Method Annotation	1
a931184edfc35102a7db64d48d6b33c3eb4a323a	Remove Method Annotation	1
a931184edfc35102a7db64d48d6b33c3eb4a323a	Change Method Access Modifier	1
a931184edfc35102a7db64d48d6b33c3eb4a323a	Change Method Access Modifier	1
a931184edfc35102a7db64d48d6b33c3eb4a323a	Change Method Access Modifier	1
a931184edfc35102a7db64d48d6b33c3eb4a323a	Move Attribute	1
a931184edfc35102a7db64d48d6b33c3eb4a323a	Change Method Access Modifier	1
a931184edfc35102a7db64d48d6b33c3eb4a323a	Move Method	1
a931184edfc35102a7db64d48d6b33c3eb4a323a	Remove Method Annotation	1
a931184edfc35102a7db64d48d6b33c3eb4a323a	Move Method	1
a931184edfc35102a7db64d48d6b33c3eb4a323a	Move Method	1
a931184edfc35102a7db64d48d6b33c3eb4a323a	Change Method Access Modifier	1
a931184edfc35102a7db64d48d6b33c3eb4a323a	Move Method	1
a931184edfc35102a7db64d48d6b33c3eb4a323a	Move Method	1
a931184edfc35102a7db64d48d6b33c3eb4a323a	Move Method	1
a931184edfc35102a7db64d48d6b33c3eb4a323a	Change Method Access Modifier	1
a931184edfc35102a7db64d48d6b33c3eb4a323a	Move Method	1
a931184edfc35102a7db64d48d6b33c3eb4a323a	Change Method Access Modifier	1
a931184edfc35102a7db64d48d6b33c3eb4a323a	Move Method	1
a931184edfc35102a7db64d48d6b33c3eb4a323a	Move Method	1
dc450e6192950da77c05279f50b396f5fd30ece8	Add Method Annotation	1
dc450e6192950da77c05279f50b396f5fd30ece8	Change Method Access Modifier	1
bc7d8493623b153f7fbd6cbe94b8c25cbcf7bc15	Inline Variable	1
5ad9d31bd8428807a7dfc0c2703d4735c7115361	Move Class	1
5ad9d31bd8428807a7dfc0c2703d4735c7115361	Move Class	1
5ad9d31bd8428807a7dfc0c2703d4735c7115361	Move Class	1
5ad9d31bd8428807a7dfc0c2703d4735c7115361	Change Method Access Modifier	1
5ad9d31bd8428807a7dfc0c2703d4735c7115361	Move Method	1
359244e996c40a13c29868e145570a803c33839b	Rename Method	1
359244e996c40a13c29868e145570a803c33839b	Rename Method	1
e643a04ee5334a29c275bcbdd91689908700c8e7	Add Method Annotation	1
e643a04ee5334a29c275bcbdd91689908700c8e7	Add Method Annotation	1
e643a04ee5334a29c275bcbdd91689908700c8e7	Add Method Annotation	1
e643a04ee5334a29c275bcbdd91689908700c8e7	Add Method Annotation	1
e643a04ee5334a29c275bcbdd91689908700c8e7	Add Method Annotation	1
e643a04ee5334a29c275bcbdd91689908700c8e7	Add Method Annotation	1
e643a04ee5334a29c275bcbdd91689908700c8e7	Add Method Annotation	1
e643a04ee5334a29c275bcbdd91689908700c8e7	Add Method Annotation	1
e643a04ee5334a29c275bcbdd91689908700c8e7	Add Method Annotation	1
e643a04ee5334a29c275bcbdd91689908700c8e7	Add Method Annotation	1
e643a04ee5334a29c275bcbdd91689908700c8e7	Add Method Annotation	1
e643a04ee5334a29c275bcbdd91689908700c8e7	Add Method Annotation	1
e643a04ee5334a29c275bcbdd91689908700c8e7	Add Method Annotation	1
e643a04ee5334a29c275bcbdd91689908700c8e7	Add Method Annotation	1
e643a04ee5334a29c275bcbdd91689908700c8e7	Add Method Annotation	1
e643a04ee5334a29c275bcbdd91689908700c8e7	Add Method Annotation	1
e643a04ee5334a29c275bcbdd91689908700c8e7	Add Method Annotation	1
e643a04ee5334a29c275bcbdd91689908700c8e7	Add Method Annotation	1
e643a04ee5334a29c275bcbdd91689908700c8e7	Add Method Annotation	1
e643a04ee5334a29c275bcbdd91689908700c8e7	Add Method Annotation	1
e643a04ee5334a29c275bcbdd91689908700c8e7	Add Method Annotation	1
e643a04ee5334a29c275bcbdd91689908700c8e7	Add Method Annotation	1
e643a04ee5334a29c275bcbdd91689908700c8e7	Add Method Annotation	1
e643a04ee5334a29c275bcbdd91689908700c8e7	Add Method Annotation	1
e643a04ee5334a29c275bcbdd91689908700c8e7	Add Method Annotation	1
e643a04ee5334a29c275bcbdd91689908700c8e7	Add Method Annotation	1
e643a04ee5334a29c275bcbdd91689908700c8e7	Add Method Annotation	1
e643a04ee5334a29c275bcbdd91689908700c8e7	Add Method Annotation	1
e643a04ee5334a29c275bcbdd91689908700c8e7	Add Method Annotation	1
e643a04ee5334a29c275bcbdd91689908700c8e7	Add Method Annotation	1
e643a04ee5334a29c275bcbdd91689908700c8e7	Add Method Annotation	1
e643a04ee5334a29c275bcbdd91689908700c8e7	Add Method Annotation	1
e643a04ee5334a29c275bcbdd91689908700c8e7	Add Method Annotation	1
e643a04ee5334a29c275bcbdd91689908700c8e7	Add Method Annotation	1
e643a04ee5334a29c275bcbdd91689908700c8e7	Add Method Annotation	1
e643a04ee5334a29c275bcbdd91689908700c8e7	Add Method Annotation	1
e643a04ee5334a29c275bcbdd91689908700c8e7	Add Method Annotation	1
4376a50f1f3b2409c2d2b4077a51548e4c57fd9d	Add Parameter Annotation	1
4376a50f1f3b2409c2d2b4077a51548e4c57fd9d	Add Parameter Annotation	1
2db89355f1b0d4e962e3c8bce58ba996a3e0d208	Add Method Annotation	1
e59dbf4f96aa5522e31baa5290bb154099cb9596	Add Method Annotation	1
c65b3bf1cbdf710ea689cf5e9c26579aa75ea42c	Add Method Annotation	1
c65b3bf1cbdf710ea689cf5e9c26579aa75ea42c	Add Method Annotation	1
c65b3bf1cbdf710ea689cf5e9c26579aa75ea42c	Add Method Annotation	1
c65b3bf1cbdf710ea689cf5e9c26579aa75ea42c	Add Method Annotation	1
c65b3bf1cbdf710ea689cf5e9c26579aa75ea42c	Add Parameter Annotation	1
c65b3bf1cbdf710ea689cf5e9c26579aa75ea42c	Add Method Annotation	1
c65b3bf1cbdf710ea689cf5e9c26579aa75ea42c	Add Parameter Annotation	1
c65b3bf1cbdf710ea689cf5e9c26579aa75ea42c	Add Parameter Annotation	1
c65b3bf1cbdf710ea689cf5e9c26579aa75ea42c	Add Parameter Annotation	1
c65b3bf1cbdf710ea689cf5e9c26579aa75ea42c	Add Method Annotation	1
c65b3bf1cbdf710ea689cf5e9c26579aa75ea42c	Add Parameter Annotation	1
c65b3bf1cbdf710ea689cf5e9c26579aa75ea42c	Add Method Annotation	1
c65b3bf1cbdf710ea689cf5e9c26579aa75ea42c	Add Parameter Annotation	1
c65b3bf1cbdf710ea689cf5e9c26579aa75ea42c	Add Parameter Annotation	1
c65b3bf1cbdf710ea689cf5e9c26579aa75ea42c	Add Method Annotation	1
c65b3bf1cbdf710ea689cf5e9c26579aa75ea42c	Add Method Annotation	1
c65b3bf1cbdf710ea689cf5e9c26579aa75ea42c	Add Method Annotation	1
c65b3bf1cbdf710ea689cf5e9c26579aa75ea42c	Add Method Annotation	1
c65b3bf1cbdf710ea689cf5e9c26579aa75ea42c	Add Method Annotation	1
c65b3bf1cbdf710ea689cf5e9c26579aa75ea42c	Add Method Annotation	1
c65b3bf1cbdf710ea689cf5e9c26579aa75ea42c	Add Parameter Annotation	1
c65b3bf1cbdf710ea689cf5e9c26579aa75ea42c	Add Parameter Annotation	1
c65b3bf1cbdf710ea689cf5e9c26579aa75ea42c	Add Parameter Annotation	1
c65b3bf1cbdf710ea689cf5e9c26579aa75ea42c	Add Parameter Annotation	1
c65b3bf1cbdf710ea689cf5e9c26579aa75ea42c	Add Method Annotation	1
c65b3bf1cbdf710ea689cf5e9c26579aa75ea42c	Add Parameter Annotation	1
c65b3bf1cbdf710ea689cf5e9c26579aa75ea42c	Add Method Annotation	1
c65b3bf1cbdf710ea689cf5e9c26579aa75ea42c	Add Method Annotation	1
c65b3bf1cbdf710ea689cf5e9c26579aa75ea42c	Add Parameter Annotation	1
c65b3bf1cbdf710ea689cf5e9c26579aa75ea42c	Add Method Annotation	1
c65b3bf1cbdf710ea689cf5e9c26579aa75ea42c	Add Parameter Annotation	1
c65b3bf1cbdf710ea689cf5e9c26579aa75ea42c	Add Method Annotation	1
c65b3bf1cbdf710ea689cf5e9c26579aa75ea42c	Add Parameter Annotation	1
c65b3bf1cbdf710ea689cf5e9c26579aa75ea42c	Add Method Annotation	1
c65b3bf1cbdf710ea689cf5e9c26579aa75ea42c	Add Parameter Annotation	1
c65b3bf1cbdf710ea689cf5e9c26579aa75ea42c	Add Method Annotation	1
c65b3bf1cbdf710ea689cf5e9c26579aa75ea42c	Add Parameter Annotation	1
c65b3bf1cbdf710ea689cf5e9c26579aa75ea42c	Add Method Annotation	1
c65b3bf1cbdf710ea689cf5e9c26579aa75ea42c	Add Parameter Annotation	1
c65b3bf1cbdf710ea689cf5e9c26579aa75ea42c	Add Parameter Annotation	1
c65b3bf1cbdf710ea689cf5e9c26579aa75ea42c	Add Parameter Annotation	1
c65b3bf1cbdf710ea689cf5e9c26579aa75ea42c	Add Parameter Annotation	1
c65b3bf1cbdf710ea689cf5e9c26579aa75ea42c	Add Parameter Annotation	1
c65b3bf1cbdf710ea689cf5e9c26579aa75ea42c	Add Parameter Annotation	1
c65b3bf1cbdf710ea689cf5e9c26579aa75ea42c	Add Method Annotation	1
c65b3bf1cbdf710ea689cf5e9c26579aa75ea42c	Add Method Annotation	1
c65b3bf1cbdf710ea689cf5e9c26579aa75ea42c	Add Method Annotation	1
c65b3bf1cbdf710ea689cf5e9c26579aa75ea42c	Add Attribute Annotation	1
c65b3bf1cbdf710ea689cf5e9c26579aa75ea42c	Add Parameter Annotation	1
c65b3bf1cbdf710ea689cf5e9c26579aa75ea42c	Add Method Annotation	1
c65b3bf1cbdf710ea689cf5e9c26579aa75ea42c	Add Method Annotation	1
c65b3bf1cbdf710ea689cf5e9c26579aa75ea42c	Add Parameter Annotation	1
c65b3bf1cbdf710ea689cf5e9c26579aa75ea42c	Add Parameter Annotation	1
c65b3bf1cbdf710ea689cf5e9c26579aa75ea42c	Add Parameter Annotation	1
c65b3bf1cbdf710ea689cf5e9c26579aa75ea42c	Add Parameter Annotation	1
c65b3bf1cbdf710ea689cf5e9c26579aa75ea42c	Add Attribute Annotation	1
c65b3bf1cbdf710ea689cf5e9c26579aa75ea42c	Add Parameter Annotation	1
c65b3bf1cbdf710ea689cf5e9c26579aa75ea42c	Add Parameter Annotation	1
c65b3bf1cbdf710ea689cf5e9c26579aa75ea42c	Add Parameter Annotation	1
c65b3bf1cbdf710ea689cf5e9c26579aa75ea42c	Add Method Annotation	1
c65b3bf1cbdf710ea689cf5e9c26579aa75ea42c	Add Attribute Annotation	1
c65b3bf1cbdf710ea689cf5e9c26579aa75ea42c	Add Attribute Annotation	1
c65b3bf1cbdf710ea689cf5e9c26579aa75ea42c	Add Parameter Annotation	1
c65b3bf1cbdf710ea689cf5e9c26579aa75ea42c	Add Parameter Annotation	1
c65b3bf1cbdf710ea689cf5e9c26579aa75ea42c	Add Parameter Annotation	1
c65b3bf1cbdf710ea689cf5e9c26579aa75ea42c	Add Parameter Annotation	1
c65b3bf1cbdf710ea689cf5e9c26579aa75ea42c	Add Parameter Annotation	1
c65b3bf1cbdf710ea689cf5e9c26579aa75ea42c	Add Method Annotation	1
c65b3bf1cbdf710ea689cf5e9c26579aa75ea42c	Add Parameter Annotation	1
c65b3bf1cbdf710ea689cf5e9c26579aa75ea42c	Add Method Annotation	1
c65b3bf1cbdf710ea689cf5e9c26579aa75ea42c	Add Attribute Annotation	1
c65b3bf1cbdf710ea689cf5e9c26579aa75ea42c	Add Attribute Annotation	1
0ea1959b7e43a26e072888227c997602b043c2af	Add Class Annotation	1
0ea1959b7e43a26e072888227c997602b043c2af	Rename Parameter	1
0ea1959b7e43a26e072888227c997602b043c2af	Rename Parameter	1
0ea1959b7e43a26e072888227c997602b043c2af	Change Method Access Modifier	1
0ea1959b7e43a26e072888227c997602b043c2af	Change Method Access Modifier	1
0ea1959b7e43a26e072888227c997602b043c2af	Change Method Access Modifier	1
0ea1959b7e43a26e072888227c997602b043c2af	Change Method Access Modifier	1
0ea1959b7e43a26e072888227c997602b043c2af	Change Method Access Modifier	1
0ea1959b7e43a26e072888227c997602b043c2af	Change Method Access Modifier	1
0ea1959b7e43a26e072888227c997602b043c2af	Change Method Access Modifier	1
0ea1959b7e43a26e072888227c997602b043c2af	Change Method Access Modifier	1
0ea1959b7e43a26e072888227c997602b043c2af	Change Method Access Modifier	1
0ea1959b7e43a26e072888227c997602b043c2af	Change Method Access Modifier	1
0ea1959b7e43a26e072888227c997602b043c2af	Change Method Access Modifier	1
f942e0fd529af85a36d9bba4a640444a725ff062	Change Method Access Modifier	1
718f83286475accff8ab5d5ab5827c5576a4dc34	Add Parameter	1
718f83286475accff8ab5d5ab5827c5576a4dc34	Rename Method	1
718f83286475accff8ab5d5ab5827c5576a4dc34	Rename Method	1
05b0a46961e66eab904305bafe55671132d8019c	Change Variable Type	1
05b0a46961e66eab904305bafe55671132d8019c	Add Method Annotation	1
559e3a22ea6ad89199211b502c1fddf2ad92a26c	Remove Parameter	1
332adcadf5e2fa6a8fa848be599e659714b3df51	Extract And Move Method	1
5ea65a5f95ae63d38900e62d94e9396507583bf6	Rename Class	1
5ea65a5f95ae63d38900e62d94e9396507583bf6	Rename Class	1
e9d8538ec3f74e151307f231f1a98f830f7fedd7	Rename Class	1
e9d8538ec3f74e151307f231f1a98f830f7fedd7	Rename Class	1
e9d8538ec3f74e151307f231f1a98f830f7fedd7	Rename Class	1
e9d8538ec3f74e151307f231f1a98f830f7fedd7	Rename Class	1
e9d8538ec3f74e151307f231f1a98f830f7fedd7	Rename Class	1
e9d8538ec3f74e151307f231f1a98f830f7fedd7	Rename Class	1
e9d8538ec3f74e151307f231f1a98f830f7fedd7	Rename Class	1
e9d8538ec3f74e151307f231f1a98f830f7fedd7	Rename Class	1
e9d8538ec3f74e151307f231f1a98f830f7fedd7	Rename Method	1
e9d8538ec3f74e151307f231f1a98f830f7fedd7	Rename Parameter	1
e9d8538ec3f74e151307f231f1a98f830f7fedd7	Rename Method	1
e9d8538ec3f74e151307f231f1a98f830f7fedd7	Change Variable Type	1
e9d8538ec3f74e151307f231f1a98f830f7fedd7	Change Variable Type	1
e9d8538ec3f74e151307f231f1a98f830f7fedd7	Rename Variable	1
e9d8538ec3f74e151307f231f1a98f830f7fedd7	Change Return Type	1
e9d8538ec3f74e151307f231f1a98f830f7fedd7	Change Variable Type	1
e9d8538ec3f74e151307f231f1a98f830f7fedd7	Change Variable Type	1
e9d8538ec3f74e151307f231f1a98f830f7fedd7	Change Variable Type	1
e9d8538ec3f74e151307f231f1a98f830f7fedd7	Change Variable Type	1
e9d8538ec3f74e151307f231f1a98f830f7fedd7	Change Variable Type	1
e9d8538ec3f74e151307f231f1a98f830f7fedd7	Change Variable Type	1
e9d8538ec3f74e151307f231f1a98f830f7fedd7	Change Variable Type	1
e9d8538ec3f74e151307f231f1a98f830f7fedd7	Change Variable Type	1
e9d8538ec3f74e151307f231f1a98f830f7fedd7	Change Variable Type	1
75b549f1ff8d5d5b8138c7568b406af72b9883f6	Add Class Annotation	1
75b549f1ff8d5d5b8138c7568b406af72b9883f6	Move And Rename Attribute	1
75b549f1ff8d5d5b8138c7568b406af72b9883f6	Remove Method Annotation	1
75b549f1ff8d5d5b8138c7568b406af72b9883f6	Pull Up Method	1
b338d1e7edce1a26432f20a1202c6b2806b499d7	Rename Class	1
b338d1e7edce1a26432f20a1202c6b2806b499d7	Change Attribute Type	1
b338d1e7edce1a26432f20a1202c6b2806b499d7	Change Attribute Type	1
b338d1e7edce1a26432f20a1202c6b2806b499d7	Change Attribute Type	1
b338d1e7edce1a26432f20a1202c6b2806b499d7	Change Attribute Type	1
b338d1e7edce1a26432f20a1202c6b2806b499d7	Rename Method	1
b338d1e7edce1a26432f20a1202c6b2806b499d7	Change Variable Type	1
b338d1e7edce1a26432f20a1202c6b2806b499d7	Change Variable Type	1
b338d1e7edce1a26432f20a1202c6b2806b499d7	Move Method	1
b338d1e7edce1a26432f20a1202c6b2806b499d7	Move Method	1
4b7ced70e4faa709b87656b8a6935ea8c472c092	Add Class Annotation	1
4b7ced70e4faa709b87656b8a6935ea8c472c092	Move And Rename Attribute	1
4b7ced70e4faa709b87656b8a6935ea8c472c092	Pull Up Attribute	1
4b7ced70e4faa709b87656b8a6935ea8c472c092	Pull Up Attribute	1
4b7ced70e4faa709b87656b8a6935ea8c472c092	Move Attribute	1
4b7ced70e4faa709b87656b8a6935ea8c472c092	Pull Up Attribute	1
4b7ced70e4faa709b87656b8a6935ea8c472c092	Move Attribute	1
4b7ced70e4faa709b87656b8a6935ea8c472c092	Pull Up Attribute	1
4b7ced70e4faa709b87656b8a6935ea8c472c092	Move Attribute	1
4b7ced70e4faa709b87656b8a6935ea8c472c092	Pull Up Attribute	1
4b7ced70e4faa709b87656b8a6935ea8c472c092	Move Attribute	1
4b7ced70e4faa709b87656b8a6935ea8c472c092	Pull Up Attribute	1
4b7ced70e4faa709b87656b8a6935ea8c472c092	Pull Up Attribute	1
4b7ced70e4faa709b87656b8a6935ea8c472c092	Pull Up Attribute	1
4b7ced70e4faa709b87656b8a6935ea8c472c092	Pull Up Attribute	1
4b7ced70e4faa709b87656b8a6935ea8c472c092	Pull Up Attribute	1
4b7ced70e4faa709b87656b8a6935ea8c472c092	Pull Up Attribute	1
4b7ced70e4faa709b87656b8a6935ea8c472c092	Pull Up Attribute	1
4b7ced70e4faa709b87656b8a6935ea8c472c092	Pull Up Attribute	1
4b7ced70e4faa709b87656b8a6935ea8c472c092	Pull Up Attribute	1
4b7ced70e4faa709b87656b8a6935ea8c472c092	Pull Up Attribute	1
4b7ced70e4faa709b87656b8a6935ea8c472c092	Pull Up Attribute	1
4b7ced70e4faa709b87656b8a6935ea8c472c092	Pull Up Attribute	1
4b7ced70e4faa709b87656b8a6935ea8c472c092	Pull Up Attribute	1
4b7ced70e4faa709b87656b8a6935ea8c472c092	Pull Up Attribute	1
4b7ced70e4faa709b87656b8a6935ea8c472c092	Change Method Access Modifier	1
4b7ced70e4faa709b87656b8a6935ea8c472c092	Pull Up Method	1
4b7ced70e4faa709b87656b8a6935ea8c472c092	Change Method Access Modifier	1
4b7ced70e4faa709b87656b8a6935ea8c472c092	Pull Up Method	1
4b7ced70e4faa709b87656b8a6935ea8c472c092	Change Method Access Modifier	1
4b7ced70e4faa709b87656b8a6935ea8c472c092	Pull Up Method	1
4b7ced70e4faa709b87656b8a6935ea8c472c092	Remove Method Annotation	1
4b7ced70e4faa709b87656b8a6935ea8c472c092	Pull Up Method	1
4b7ced70e4faa709b87656b8a6935ea8c472c092	Remove Method Annotation	1
4b7ced70e4faa709b87656b8a6935ea8c472c092	Pull Up Method	1
4b7ced70e4faa709b87656b8a6935ea8c472c092	Remove Method Annotation	1
4b7ced70e4faa709b87656b8a6935ea8c472c092	Pull Up Method	1
4b7ced70e4faa709b87656b8a6935ea8c472c092	Remove Method Annotation	1
4b7ced70e4faa709b87656b8a6935ea8c472c092	Pull Up Method	1
4b7ced70e4faa709b87656b8a6935ea8c472c092	Remove Method Annotation	1
4b7ced70e4faa709b87656b8a6935ea8c472c092	Pull Up Method	1
4b7ced70e4faa709b87656b8a6935ea8c472c092	Remove Method Annotation	1
4b7ced70e4faa709b87656b8a6935ea8c472c092	Pull Up Method	1
4b7ced70e4faa709b87656b8a6935ea8c472c092	Remove Method Annotation	1
4b7ced70e4faa709b87656b8a6935ea8c472c092	Pull Up Method	1
4b7ced70e4faa709b87656b8a6935ea8c472c092	Remove Method Annotation	1
4b7ced70e4faa709b87656b8a6935ea8c472c092	Pull Up Method	1
4b7ced70e4faa709b87656b8a6935ea8c472c092	Remove Method Annotation	1
4b7ced70e4faa709b87656b8a6935ea8c472c092	Pull Up Method	1
4b7ced70e4faa709b87656b8a6935ea8c472c092	Remove Method Annotation	1
4b7ced70e4faa709b87656b8a6935ea8c472c092	Remove Method Annotation	1
4b7ced70e4faa709b87656b8a6935ea8c472c092	Move Method	1
4b7ced70e4faa709b87656b8a6935ea8c472c092	Change Method Access Modifier	1
4b7ced70e4faa709b87656b8a6935ea8c472c092	Pull Up Method	1
4b7ced70e4faa709b87656b8a6935ea8c472c092	Change Method Access Modifier	1
4b7ced70e4faa709b87656b8a6935ea8c472c092	Pull Up Method	1
4b7ced70e4faa709b87656b8a6935ea8c472c092	Change Method Access Modifier	1
4b7ced70e4faa709b87656b8a6935ea8c472c092	Pull Up Method	1
4b7ced70e4faa709b87656b8a6935ea8c472c092	Remove Method Annotation	1
4b7ced70e4faa709b87656b8a6935ea8c472c092	Pull Up Method	1
4b7ced70e4faa709b87656b8a6935ea8c472c092	Remove Method Annotation	1
4b7ced70e4faa709b87656b8a6935ea8c472c092	Pull Up Method	1
4b7ced70e4faa709b87656b8a6935ea8c472c092	Remove Method Annotation	1
4b7ced70e4faa709b87656b8a6935ea8c472c092	Pull Up Method	1
4b7ced70e4faa709b87656b8a6935ea8c472c092	Remove Method Annotation	1
4b7ced70e4faa709b87656b8a6935ea8c472c092	Pull Up Method	1
4b7ced70e4faa709b87656b8a6935ea8c472c092	Remove Method Annotation	1
4b7ced70e4faa709b87656b8a6935ea8c472c092	Pull Up Method	1
4b7ced70e4faa709b87656b8a6935ea8c472c092	Remove Method Annotation	1
4b7ced70e4faa709b87656b8a6935ea8c472c092	Pull Up Method	1
4b7ced70e4faa709b87656b8a6935ea8c472c092	Remove Method Annotation	1
4b7ced70e4faa709b87656b8a6935ea8c472c092	Pull Up Method	1
4b7ced70e4faa709b87656b8a6935ea8c472c092	Remove Method Annotation	1
4b7ced70e4faa709b87656b8a6935ea8c472c092	Pull Up Method	1
4b7ced70e4faa709b87656b8a6935ea8c472c092	Remove Method Annotation	1
4b7ced70e4faa709b87656b8a6935ea8c472c092	Pull Up Method	1
4b7ced70e4faa709b87656b8a6935ea8c472c092	Pull Up Method	1
5ca491fe5055574d36fe0d3cdc4607ec375c1547	Extract Variable	1
5ca491fe5055574d36fe0d3cdc4607ec375c1547	Extract Variable	1
5ca491fe5055574d36fe0d3cdc4607ec375c1547	Remove Class Annotation	1
5ca491fe5055574d36fe0d3cdc4607ec375c1547	Rename Method	1
5ca491fe5055574d36fe0d3cdc4607ec375c1547	Change Method Access Modifier	1
5ca491fe5055574d36fe0d3cdc4607ec375c1547	Change Method Access Modifier	1
5ca491fe5055574d36fe0d3cdc4607ec375c1547	Change Method Access Modifier	1
5ca491fe5055574d36fe0d3cdc4607ec375c1547	Change Method Access Modifier	1
5ca491fe5055574d36fe0d3cdc4607ec375c1547	Extract Class	1
5ca491fe5055574d36fe0d3cdc4607ec375c1547	Move Method	1
5ca491fe5055574d36fe0d3cdc4607ec375c1547	Move Method	1
5ca491fe5055574d36fe0d3cdc4607ec375c1547	Move Method	1
5ca491fe5055574d36fe0d3cdc4607ec375c1547	Move Method	1
5ca491fe5055574d36fe0d3cdc4607ec375c1547	Move Method	1
5ca491fe5055574d36fe0d3cdc4607ec375c1547	Move Method	1
5ca491fe5055574d36fe0d3cdc4607ec375c1547	Move Method	1
5ca491fe5055574d36fe0d3cdc4607ec375c1547	Move Method	1
5ca491fe5055574d36fe0d3cdc4607ec375c1547	Move Method	1
5ca491fe5055574d36fe0d3cdc4607ec375c1547	Move Method	1
5ca491fe5055574d36fe0d3cdc4607ec375c1547	Move Method	1
5ca491fe5055574d36fe0d3cdc4607ec375c1547	Move Method	1
5ca491fe5055574d36fe0d3cdc4607ec375c1547	Move Method	1
5ca491fe5055574d36fe0d3cdc4607ec375c1547	Move Method	1
5ca491fe5055574d36fe0d3cdc4607ec375c1547	Move Method	1
5ca491fe5055574d36fe0d3cdc4607ec375c1547	Move Method	1
5ca491fe5055574d36fe0d3cdc4607ec375c1547	Move Method	1
5ca491fe5055574d36fe0d3cdc4607ec375c1547	Move Method	1
5ca491fe5055574d36fe0d3cdc4607ec375c1547	Move Method	1
5ca491fe5055574d36fe0d3cdc4607ec375c1547	Move Method	1
5ca491fe5055574d36fe0d3cdc4607ec375c1547	Move Method	1
5ca491fe5055574d36fe0d3cdc4607ec375c1547	Move Method	1
5ca491fe5055574d36fe0d3cdc4607ec375c1547	Move Method	1
5ca491fe5055574d36fe0d3cdc4607ec375c1547	Move Method	1
5ca491fe5055574d36fe0d3cdc4607ec375c1547	Move Method	1
5ca491fe5055574d36fe0d3cdc4607ec375c1547	Move Method	1
5ca491fe5055574d36fe0d3cdc4607ec375c1547	Move Method	1
5ca491fe5055574d36fe0d3cdc4607ec375c1547	Move Method	1
5ca491fe5055574d36fe0d3cdc4607ec375c1547	Move Method	1
5ca491fe5055574d36fe0d3cdc4607ec375c1547	Move Method	1
5ca491fe5055574d36fe0d3cdc4607ec375c1547	Move Method	1
5ca491fe5055574d36fe0d3cdc4607ec375c1547	Move Method	1
5ca491fe5055574d36fe0d3cdc4607ec375c1547	Move Method	1
5ca491fe5055574d36fe0d3cdc4607ec375c1547	Move Method	1
5ca491fe5055574d36fe0d3cdc4607ec375c1547	Move Method	1
5ca491fe5055574d36fe0d3cdc4607ec375c1547	Move Method	1
5ca491fe5055574d36fe0d3cdc4607ec375c1547	Move Method	1
5ca491fe5055574d36fe0d3cdc4607ec375c1547	Move Method	1
5ca491fe5055574d36fe0d3cdc4607ec375c1547	Move Method	1
5ca491fe5055574d36fe0d3cdc4607ec375c1547	Move Method	1
5ca491fe5055574d36fe0d3cdc4607ec375c1547	Move Method	1
5ca491fe5055574d36fe0d3cdc4607ec375c1547	Move Method	1
5ca491fe5055574d36fe0d3cdc4607ec375c1547	Move Attribute	1
ddf2489910dc1a19adb4f195b4838082938221d9	Extract Method	1
ddf2489910dc1a19adb4f195b4838082938221d9	Extract Method	1
ddf2489910dc1a19adb4f195b4838082938221d9	Parameterize Variable	1
ddf2489910dc1a19adb4f195b4838082938221d9	Extract Method	1
ddf2489910dc1a19adb4f195b4838082938221d9	Extract Method	1
ddf2489910dc1a19adb4f195b4838082938221d9	Parameterize Variable	1
89f45274666d1b3ec4d7a90456bcd83cf301dfb9	Change Method Access Modifier	1
89f45274666d1b3ec4d7a90456bcd83cf301dfb9	Change Method Access Modifier	1
89f45274666d1b3ec4d7a90456bcd83cf301dfb9	Change Method Access Modifier	1
89f45274666d1b3ec4d7a90456bcd83cf301dfb9	Change Method Access Modifier	1
89f45274666d1b3ec4d7a90456bcd83cf301dfb9	Change Method Access Modifier	1
89f45274666d1b3ec4d7a90456bcd83cf301dfb9	Change Method Access Modifier	1
89f45274666d1b3ec4d7a90456bcd83cf301dfb9	Rename Method	1
89f45274666d1b3ec4d7a90456bcd83cf301dfb9	Move And Rename Method	1
89f45274666d1b3ec4d7a90456bcd83cf301dfb9	Move Method	1
89f45274666d1b3ec4d7a90456bcd83cf301dfb9	Move And Rename Method	1
94ff4b7cc24b21b9141a9e9caffc3ab75a748923	Add Class Annotation	1
94ff4b7cc24b21b9141a9e9caffc3ab75a748923	Rename Variable	1
94ff4b7cc24b21b9141a9e9caffc3ab75a748923	Rename Variable	1
94ff4b7cc24b21b9141a9e9caffc3ab75a748923	Rename Variable	1
94ff4b7cc24b21b9141a9e9caffc3ab75a748923	Rename Variable	1
94ff4b7cc24b21b9141a9e9caffc3ab75a748923	Rename Variable	1
94ff4b7cc24b21b9141a9e9caffc3ab75a748923	Rename Variable	1
94ff4b7cc24b21b9141a9e9caffc3ab75a748923	Rename Variable	1
94ff4b7cc24b21b9141a9e9caffc3ab75a748923	Rename Variable	1
94ff4b7cc24b21b9141a9e9caffc3ab75a748923	Rename Variable	1
94ff4b7cc24b21b9141a9e9caffc3ab75a748923	Rename Variable	1
94ff4b7cc24b21b9141a9e9caffc3ab75a748923	Rename Variable	1
94ff4b7cc24b21b9141a9e9caffc3ab75a748923	Rename Variable	1
94ff4b7cc24b21b9141a9e9caffc3ab75a748923	Rename Variable	1
94ff4b7cc24b21b9141a9e9caffc3ab75a748923	Rename Variable	1
94ff4b7cc24b21b9141a9e9caffc3ab75a748923	Rename Variable	1
94ff4b7cc24b21b9141a9e9caffc3ab75a748923	Rename Variable	1
94ff4b7cc24b21b9141a9e9caffc3ab75a748923	Rename Variable	1
94ff4b7cc24b21b9141a9e9caffc3ab75a748923	Rename Variable	1
94ff4b7cc24b21b9141a9e9caffc3ab75a748923	Rename Variable	1
94ff4b7cc24b21b9141a9e9caffc3ab75a748923	Rename Variable	1
94ff4b7cc24b21b9141a9e9caffc3ab75a748923	Rename Variable	1
94ff4b7cc24b21b9141a9e9caffc3ab75a748923	Rename Variable	1
94ff4b7cc24b21b9141a9e9caffc3ab75a748923	Rename Variable	1
94ff4b7cc24b21b9141a9e9caffc3ab75a748923	Rename Variable	1
94ff4b7cc24b21b9141a9e9caffc3ab75a748923	Rename Variable	1
94ff4b7cc24b21b9141a9e9caffc3ab75a748923	Rename Variable	1
94ff4b7cc24b21b9141a9e9caffc3ab75a748923	Rename Variable	1
94ff4b7cc24b21b9141a9e9caffc3ab75a748923	Rename Variable	1
94ff4b7cc24b21b9141a9e9caffc3ab75a748923	Rename Variable	1
94ff4b7cc24b21b9141a9e9caffc3ab75a748923	Rename Variable	1
94ff4b7cc24b21b9141a9e9caffc3ab75a748923	Rename Variable	1
aa9125bb8183e0821754d1462f410349ec995f95	Change Variable Type	1
aa9125bb8183e0821754d1462f410349ec995f95	Change Variable Type	1
aa9125bb8183e0821754d1462f410349ec995f95	Change Variable Type	1
aa9125bb8183e0821754d1462f410349ec995f95	Change Variable Type	1
aa9125bb8183e0821754d1462f410349ec995f95	Change Variable Type	1
aa9125bb8183e0821754d1462f410349ec995f95	Change Attribute Type	1
aa9125bb8183e0821754d1462f410349ec995f95	Extract Class	1
aa9125bb8183e0821754d1462f410349ec995f95	Move Method	1
aa9125bb8183e0821754d1462f410349ec995f95	Move Method	1
aa9125bb8183e0821754d1462f410349ec995f95	Move Method	1
aa9125bb8183e0821754d1462f410349ec995f95	Move Method	1
aa9125bb8183e0821754d1462f410349ec995f95	Move Method	1
aa9125bb8183e0821754d1462f410349ec995f95	Move Method	1
aa9125bb8183e0821754d1462f410349ec995f95	Move Method	1
aa9125bb8183e0821754d1462f410349ec995f95	Move Method	1
aa9125bb8183e0821754d1462f410349ec995f95	Move Method	1
aa9125bb8183e0821754d1462f410349ec995f95	Move Method	1
aa9125bb8183e0821754d1462f410349ec995f95	Move Method	1
aa9125bb8183e0821754d1462f410349ec995f95	Move Method	1
aa9125bb8183e0821754d1462f410349ec995f95	Move Method	1
aa9125bb8183e0821754d1462f410349ec995f95	Move Method	1
aa9125bb8183e0821754d1462f410349ec995f95	Move Method	1
aa9125bb8183e0821754d1462f410349ec995f95	Move Method	1
aa9125bb8183e0821754d1462f410349ec995f95	Move Method	1
aa9125bb8183e0821754d1462f410349ec995f95	Move Method	1
aa9125bb8183e0821754d1462f410349ec995f95	Move Method	1
aa9125bb8183e0821754d1462f410349ec995f95	Move Method	1
aa9125bb8183e0821754d1462f410349ec995f95	Move Method	1
aa9125bb8183e0821754d1462f410349ec995f95	Move Method	1
aa9125bb8183e0821754d1462f410349ec995f95	Move Method	1
aa9125bb8183e0821754d1462f410349ec995f95	Move Method	1
aa9125bb8183e0821754d1462f410349ec995f95	Move Method	1
aa9125bb8183e0821754d1462f410349ec995f95	Move Method	1
aa9125bb8183e0821754d1462f410349ec995f95	Move Method	1
aa9125bb8183e0821754d1462f410349ec995f95	Move Method	1
aa9125bb8183e0821754d1462f410349ec995f95	Move Method	1
aa9125bb8183e0821754d1462f410349ec995f95	Move Method	1
aa9125bb8183e0821754d1462f410349ec995f95	Move Method	1
aa9125bb8183e0821754d1462f410349ec995f95	Move Method	1
aa9125bb8183e0821754d1462f410349ec995f95	Move Method	1
aa9125bb8183e0821754d1462f410349ec995f95	Move Method	1
aa9125bb8183e0821754d1462f410349ec995f95	Move Method	1
aa9125bb8183e0821754d1462f410349ec995f95	Move Method	1
aa9125bb8183e0821754d1462f410349ec995f95	Move Method	1
aa9125bb8183e0821754d1462f410349ec995f95	Move Method	1
aa9125bb8183e0821754d1462f410349ec995f95	Move Method	1
aa9125bb8183e0821754d1462f410349ec995f95	Move Method	1
aa9125bb8183e0821754d1462f410349ec995f95	Move Method	1
aa9125bb8183e0821754d1462f410349ec995f95	Move Method	1
aa9125bb8183e0821754d1462f410349ec995f95	Move Method	1
aa9125bb8183e0821754d1462f410349ec995f95	Move Method	1
aa9125bb8183e0821754d1462f410349ec995f95	Move Method	1
aa9125bb8183e0821754d1462f410349ec995f95	Move Method	1
aa9125bb8183e0821754d1462f410349ec995f95	Change Method Access Modifier	1
aa9125bb8183e0821754d1462f410349ec995f95	Move Method	1
1be3e84733adc1d9907693691bb815544ad9ec2f	Add Class Annotation	1
38a06b080dfdb0d00c599823aeb4268545ca5317	Remove Method Annotation	1
38a06b080dfdb0d00c599823aeb4268545ca5317	Remove Method Annotation	1
38a06b080dfdb0d00c599823aeb4268545ca5317	Remove Method Annotation	1
afbaa6a8efb22f9398c948b765349c7502f90583	Change Variable Type	1
afbaa6a8efb22f9398c948b765349c7502f90583	Remove Thrown Exception Type	1
afbaa6a8efb22f9398c948b765349c7502f90583	Remove Thrown Exception Type	1
afbaa6a8efb22f9398c948b765349c7502f90583	Add Parameter	1
afbaa6a8efb22f9398c948b765349c7502f90583	Add Parameter	1
afbaa6a8efb22f9398c948b765349c7502f90583	Extract And Move Method	1
10703aae65424f5930132f95fbd49ccb6e39edf4	Extract Variable	1
47972ba57718605679ed6f45b0094514bbbb93f2	Change Return Type	1
47972ba57718605679ed6f45b0094514bbbb93f2	Change Thrown Exception Type	1
d5c646f93e57572ad9f94c52bbe33ce1145e7ecd	Extract Variable	1
d5c646f93e57572ad9f94c52bbe33ce1145e7ecd	Extract Variable	1
d5c646f93e57572ad9f94c52bbe33ce1145e7ecd	Extract Variable	1
d5c646f93e57572ad9f94c52bbe33ce1145e7ecd	Extract Variable	1
067077822d90333ce8155123097ea93d03713d07	Add Method Annotation	1
067077822d90333ce8155123097ea93d03713d07	Add Method Annotation	1
067077822d90333ce8155123097ea93d03713d07	Add Method Annotation	1
067077822d90333ce8155123097ea93d03713d07	Add Method Annotation	1
067077822d90333ce8155123097ea93d03713d07	Add Method Annotation	1
067077822d90333ce8155123097ea93d03713d07	Add Method Annotation	1
20a64dff7ebf19a33575cb1df6f6724d8474c732	Rename Class	1
20a64dff7ebf19a33575cb1df6f6724d8474c732	Rename Parameter	1
20a64dff7ebf19a33575cb1df6f6724d8474c732	Change Parameter Type	1
20a64dff7ebf19a33575cb1df6f6724d8474c732	Rename Parameter	1
20a64dff7ebf19a33575cb1df6f6724d8474c732	Change Parameter Type	1
20a64dff7ebf19a33575cb1df6f6724d8474c732	Rename Attribute	1
20a64dff7ebf19a33575cb1df6f6724d8474c732	Change Attribute Type	1
20a64dff7ebf19a33575cb1df6f6724d8474c732	Rename Attribute	1
20a64dff7ebf19a33575cb1df6f6724d8474c732	Change Attribute Type	1
20a64dff7ebf19a33575cb1df6f6724d8474c732	Change Variable Type	1
20a64dff7ebf19a33575cb1df6f6724d8474c732	Change Variable Type	1
20a64dff7ebf19a33575cb1df6f6724d8474c732	Change Variable Type	1
20a64dff7ebf19a33575cb1df6f6724d8474c732	Change Variable Type	1
20a64dff7ebf19a33575cb1df6f6724d8474c732	Change Variable Type	1
20a64dff7ebf19a33575cb1df6f6724d8474c732	Change Variable Type	1
20a64dff7ebf19a33575cb1df6f6724d8474c732	Rename Variable	1
20a64dff7ebf19a33575cb1df6f6724d8474c732	Change Attribute Type	1
20a64dff7ebf19a33575cb1df6f6724d8474c732	Change Parameter Type	1
20a64dff7ebf19a33575cb1df6f6724d8474c732	Change Method Access Modifier	1
20a64dff7ebf19a33575cb1df6f6724d8474c732	Change Return Type	1
20a64dff7ebf19a33575cb1df6f6724d8474c732	Rename Parameter	1
20a64dff7ebf19a33575cb1df6f6724d8474c732	Change Parameter Type	1
20a64dff7ebf19a33575cb1df6f6724d8474c732	Rename Parameter	1
20a64dff7ebf19a33575cb1df6f6724d8474c732	Change Parameter Type	1
4925755ffa90aec75c116c6204688314121f71d9	Add Parameter	1
4925755ffa90aec75c116c6204688314121f71d9	Change Method Access Modifier	1
69f4a96d5e179dd1b2bb6c5f87715bf676a05f63	Inline Method	1
69f4a96d5e179dd1b2bb6c5f87715bf676a05f63	Inline Method	1
69f4a96d5e179dd1b2bb6c5f87715bf676a05f63	Inline Method	1
69f4a96d5e179dd1b2bb6c5f87715bf676a05f63	Inline Method	1
69f4a96d5e179dd1b2bb6c5f87715bf676a05f63	Inline Method	1
69f4a96d5e179dd1b2bb6c5f87715bf676a05f63	Inline Method	1
69f4a96d5e179dd1b2bb6c5f87715bf676a05f63	Inline Method	1
69f4a96d5e179dd1b2bb6c5f87715bf676a05f63	Inline Method	1
69f4a96d5e179dd1b2bb6c5f87715bf676a05f63	Inline Method	1
69f4a96d5e179dd1b2bb6c5f87715bf676a05f63	Inline Method	1
69f4a96d5e179dd1b2bb6c5f87715bf676a05f63	Inline Method	1
69f4a96d5e179dd1b2bb6c5f87715bf676a05f63	Inline Method	1
69f4a96d5e179dd1b2bb6c5f87715bf676a05f63	Rename Parameter	1
69f4a96d5e179dd1b2bb6c5f87715bf676a05f63	Change Variable Type	1
69f4a96d5e179dd1b2bb6c5f87715bf676a05f63	Rename Variable	1
69f4a96d5e179dd1b2bb6c5f87715bf676a05f63	Add Parameter	1
dc154c733ae62e0012674882488f293e6e020b12	Add Method Annotation	1
dc154c733ae62e0012674882488f293e6e020b12	Add Method Annotation	1
1071cec7d1499f01e3d3e4878c849436132022db	Rename Class	1
1071cec7d1499f01e3d3e4878c849436132022db	Rename Class	1
1071cec7d1499f01e3d3e4878c849436132022db	Extract Subclass	1
1071cec7d1499f01e3d3e4878c849436132022db	Extract Subclass	1
1071cec7d1499f01e3d3e4878c849436132022db	Push Down Method	1
1071cec7d1499f01e3d3e4878c849436132022db	Add Method Annotation	1
1071cec7d1499f01e3d3e4878c849436132022db	Push Down Method	1
1071cec7d1499f01e3d3e4878c849436132022db	Add Method Annotation	1
1071cec7d1499f01e3d3e4878c849436132022db	Push Down Method	1
1071cec7d1499f01e3d3e4878c849436132022db	Add Method Annotation	1
1071cec7d1499f01e3d3e4878c849436132022db	Push Down Method	1
1071cec7d1499f01e3d3e4878c849436132022db	Add Method Annotation	1
1071cec7d1499f01e3d3e4878c849436132022db	Push Down Method	1
1071cec7d1499f01e3d3e4878c849436132022db	Add Method Annotation	1
1071cec7d1499f01e3d3e4878c849436132022db	Push Down Method	1
1071cec7d1499f01e3d3e4878c849436132022db	Add Method Annotation	1
1071cec7d1499f01e3d3e4878c849436132022db	Push Down Method	1
1071cec7d1499f01e3d3e4878c849436132022db	Add Method Annotation	1
1071cec7d1499f01e3d3e4878c849436132022db	Push Down Method	1
1071cec7d1499f01e3d3e4878c849436132022db	Add Method Annotation	1
1071cec7d1499f01e3d3e4878c849436132022db	Push Down Method	1
1071cec7d1499f01e3d3e4878c849436132022db	Add Method Annotation	1
1071cec7d1499f01e3d3e4878c849436132022db	Push Down Method	1
1071cec7d1499f01e3d3e4878c849436132022db	Push Down Method	1
1071cec7d1499f01e3d3e4878c849436132022db	Push Down Method	1
1071cec7d1499f01e3d3e4878c849436132022db	Push Down Method	1
1071cec7d1499f01e3d3e4878c849436132022db	Push Down Method	1
1071cec7d1499f01e3d3e4878c849436132022db	Push Down Method	1
1071cec7d1499f01e3d3e4878c849436132022db	Add Method Annotation	1
1071cec7d1499f01e3d3e4878c849436132022db	Push Down Method	1
1071cec7d1499f01e3d3e4878c849436132022db	Push Down Method	1
1071cec7d1499f01e3d3e4878c849436132022db	Add Method Annotation	1
1071cec7d1499f01e3d3e4878c849436132022db	Push Down Method	1
1071cec7d1499f01e3d3e4878c849436132022db	Add Method Annotation	1
1071cec7d1499f01e3d3e4878c849436132022db	Push Down Method	1
1071cec7d1499f01e3d3e4878c849436132022db	Add Method Annotation	1
1071cec7d1499f01e3d3e4878c849436132022db	Push Down Method	1
1071cec7d1499f01e3d3e4878c849436132022db	Add Method Annotation	1
1071cec7d1499f01e3d3e4878c849436132022db	Push Down Method	1
1071cec7d1499f01e3d3e4878c849436132022db	Add Method Annotation	1
1071cec7d1499f01e3d3e4878c849436132022db	Push Down Method	1
1071cec7d1499f01e3d3e4878c849436132022db	Add Method Annotation	1
1071cec7d1499f01e3d3e4878c849436132022db	Push Down Method	1
1071cec7d1499f01e3d3e4878c849436132022db	Push Down Method	1
1071cec7d1499f01e3d3e4878c849436132022db	Push Down Method	1
1071cec7d1499f01e3d3e4878c849436132022db	Push Down Method	1
1071cec7d1499f01e3d3e4878c849436132022db	Push Down Method	1
1071cec7d1499f01e3d3e4878c849436132022db	Push Down Method	1
1071cec7d1499f01e3d3e4878c849436132022db	Push Down Method	1
1071cec7d1499f01e3d3e4878c849436132022db	Add Method Annotation	1
1071cec7d1499f01e3d3e4878c849436132022db	Push Down Method	1
1071cec7d1499f01e3d3e4878c849436132022db	Add Method Annotation	1
1071cec7d1499f01e3d3e4878c849436132022db	Push Down Attribute	1
1071cec7d1499f01e3d3e4878c849436132022db	Push Down Attribute	1
1071cec7d1499f01e3d3e4878c849436132022db	Push Down Attribute	1
1071cec7d1499f01e3d3e4878c849436132022db	Push Down Attribute	1
1071cec7d1499f01e3d3e4878c849436132022db	Push Down Attribute	1
1071cec7d1499f01e3d3e4878c849436132022db	Push Down Attribute	1
1071cec7d1499f01e3d3e4878c849436132022db	Push Down Attribute	1
1071cec7d1499f01e3d3e4878c849436132022db	Push Down Attribute	1
1071cec7d1499f01e3d3e4878c849436132022db	Push Down Attribute	1
1071cec7d1499f01e3d3e4878c849436132022db	Push Down Attribute	1
1071cec7d1499f01e3d3e4878c849436132022db	Push Down Attribute	1
1071cec7d1499f01e3d3e4878c849436132022db	Push Down Attribute	1
1071cec7d1499f01e3d3e4878c849436132022db	Push Down Method	1
1071cec7d1499f01e3d3e4878c849436132022db	Add Method Annotation	1
1071cec7d1499f01e3d3e4878c849436132022db	Push Down Method	1
1071cec7d1499f01e3d3e4878c849436132022db	Add Method Annotation	1
1071cec7d1499f01e3d3e4878c849436132022db	Push Down Method	1
1071cec7d1499f01e3d3e4878c849436132022db	Add Method Annotation	1
1071cec7d1499f01e3d3e4878c849436132022db	Push Down Method	1
1071cec7d1499f01e3d3e4878c849436132022db	Add Method Annotation	1
1071cec7d1499f01e3d3e4878c849436132022db	Push Down Method	1
1071cec7d1499f01e3d3e4878c849436132022db	Add Method Annotation	1
1071cec7d1499f01e3d3e4878c849436132022db	Push Down Method	1
1071cec7d1499f01e3d3e4878c849436132022db	Add Method Annotation	1
1071cec7d1499f01e3d3e4878c849436132022db	Push Down Method	1
1071cec7d1499f01e3d3e4878c849436132022db	Add Method Annotation	1
1071cec7d1499f01e3d3e4878c849436132022db	Push Down Method	1
1071cec7d1499f01e3d3e4878c849436132022db	Add Method Annotation	1
1071cec7d1499f01e3d3e4878c849436132022db	Push Down Method	1
1071cec7d1499f01e3d3e4878c849436132022db	Add Method Annotation	1
1071cec7d1499f01e3d3e4878c849436132022db	Push Down Method	1
1071cec7d1499f01e3d3e4878c849436132022db	Add Method Annotation	1
1071cec7d1499f01e3d3e4878c849436132022db	Push Down Method	1
1071cec7d1499f01e3d3e4878c849436132022db	Push Down Method	1
1071cec7d1499f01e3d3e4878c849436132022db	Push Down Method	1
1071cec7d1499f01e3d3e4878c849436132022db	Push Down Method	1
1071cec7d1499f01e3d3e4878c849436132022db	Push Down Method	1
1071cec7d1499f01e3d3e4878c849436132022db	Add Method Annotation	1
1071cec7d1499f01e3d3e4878c849436132022db	Push Down Method	1
1071cec7d1499f01e3d3e4878c849436132022db	Add Method Annotation	1
1071cec7d1499f01e3d3e4878c849436132022db	Push Down Method	1
1071cec7d1499f01e3d3e4878c849436132022db	Add Method Annotation	1
1071cec7d1499f01e3d3e4878c849436132022db	Push Down Method	1
1071cec7d1499f01e3d3e4878c849436132022db	Add Method Annotation	1
1071cec7d1499f01e3d3e4878c849436132022db	Push Down Method	1
1071cec7d1499f01e3d3e4878c849436132022db	Add Method Annotation	1
1071cec7d1499f01e3d3e4878c849436132022db	Push Down Method	1
1071cec7d1499f01e3d3e4878c849436132022db	Add Method Annotation	1
1071cec7d1499f01e3d3e4878c849436132022db	Push Down Method	1
1071cec7d1499f01e3d3e4878c849436132022db	Push Down Method	1
1071cec7d1499f01e3d3e4878c849436132022db	Push Down Method	1
1071cec7d1499f01e3d3e4878c849436132022db	Push Down Method	1
1071cec7d1499f01e3d3e4878c849436132022db	Push Down Method	1
1071cec7d1499f01e3d3e4878c849436132022db	Add Method Annotation	1
1071cec7d1499f01e3d3e4878c849436132022db	Push Down Method	1
1071cec7d1499f01e3d3e4878c849436132022db	Add Method Annotation	1
1071cec7d1499f01e3d3e4878c849436132022db	Push Down Method	1
1071cec7d1499f01e3d3e4878c849436132022db	Add Method Annotation	1
1071cec7d1499f01e3d3e4878c849436132022db	Push Down Method	1
1071cec7d1499f01e3d3e4878c849436132022db	Push Down Method	1
1071cec7d1499f01e3d3e4878c849436132022db	Push Down Method	1
1071cec7d1499f01e3d3e4878c849436132022db	Push Down Method	1
1071cec7d1499f01e3d3e4878c849436132022db	Push Down Method	1
1071cec7d1499f01e3d3e4878c849436132022db	Push Down Method	1
1071cec7d1499f01e3d3e4878c849436132022db	Push Down Method	1
1071cec7d1499f01e3d3e4878c849436132022db	Push Down Method	1
1071cec7d1499f01e3d3e4878c849436132022db	Add Method Annotation	1
1071cec7d1499f01e3d3e4878c849436132022db	Push Down Method	1
1071cec7d1499f01e3d3e4878c849436132022db	Push Down Method	1
1071cec7d1499f01e3d3e4878c849436132022db	Push Down Method	1
1071cec7d1499f01e3d3e4878c849436132022db	Add Method Annotation	1
1071cec7d1499f01e3d3e4878c849436132022db	Push Down Attribute	1
1071cec7d1499f01e3d3e4878c849436132022db	Push Down Attribute	1
1071cec7d1499f01e3d3e4878c849436132022db	Push Down Attribute	1
1071cec7d1499f01e3d3e4878c849436132022db	Push Down Attribute	1
1071cec7d1499f01e3d3e4878c849436132022db	Push Down Attribute	1
1071cec7d1499f01e3d3e4878c849436132022db	Push Down Attribute	1
1071cec7d1499f01e3d3e4878c849436132022db	Push Down Attribute	1
1071cec7d1499f01e3d3e4878c849436132022db	Push Down Attribute	1
1071cec7d1499f01e3d3e4878c849436132022db	Push Down Attribute	1
1071cec7d1499f01e3d3e4878c849436132022db	Push Down Attribute	1
1071cec7d1499f01e3d3e4878c849436132022db	Push Down Attribute	1
1071cec7d1499f01e3d3e4878c849436132022db	Push Down Attribute	1
1071cec7d1499f01e3d3e4878c849436132022db	Push Down Attribute	1
1071cec7d1499f01e3d3e4878c849436132022db	Push Down Attribute	1
1071cec7d1499f01e3d3e4878c849436132022db	Push Down Attribute	1
1071cec7d1499f01e3d3e4878c849436132022db	Push Down Attribute	1
1071cec7d1499f01e3d3e4878c849436132022db	Push Down Attribute	1
1071cec7d1499f01e3d3e4878c849436132022db	Push Down Attribute	1
1071cec7d1499f01e3d3e4878c849436132022db	Push Down Attribute	1
1071cec7d1499f01e3d3e4878c849436132022db	Push Down Attribute	1
1071cec7d1499f01e3d3e4878c849436132022db	Push Down Attribute	1
1071cec7d1499f01e3d3e4878c849436132022db	Push Down Attribute	1
1071cec7d1499f01e3d3e4878c849436132022db	Push Down Attribute	1
1071cec7d1499f01e3d3e4878c849436132022db	Push Down Attribute	1
1071cec7d1499f01e3d3e4878c849436132022db	Push Down Attribute	1
1071cec7d1499f01e3d3e4878c849436132022db	Push Down Attribute	1
1071cec7d1499f01e3d3e4878c849436132022db	Push Down Attribute	1
1071cec7d1499f01e3d3e4878c849436132022db	Push Down Attribute	1
1071cec7d1499f01e3d3e4878c849436132022db	Push Down Attribute	1
1071cec7d1499f01e3d3e4878c849436132022db	Push Down Attribute	1
1071cec7d1499f01e3d3e4878c849436132022db	Push Down Attribute	1
1071cec7d1499f01e3d3e4878c849436132022db	Push Down Attribute	1
1071cec7d1499f01e3d3e4878c849436132022db	Push Down Attribute	1
1071cec7d1499f01e3d3e4878c849436132022db	Push Down Attribute	1
1071cec7d1499f01e3d3e4878c849436132022db	Push Down Attribute	1
1071cec7d1499f01e3d3e4878c849436132022db	Push Down Attribute	1
1071cec7d1499f01e3d3e4878c849436132022db	Push Down Attribute	1
1071cec7d1499f01e3d3e4878c849436132022db	Push Down Attribute	1
1071cec7d1499f01e3d3e4878c849436132022db	Push Down Attribute	1
1071cec7d1499f01e3d3e4878c849436132022db	Push Down Attribute	1
1071cec7d1499f01e3d3e4878c849436132022db	Push Down Attribute	1
1071cec7d1499f01e3d3e4878c849436132022db	Push Down Attribute	1
1071cec7d1499f01e3d3e4878c849436132022db	Push Down Attribute	1
1071cec7d1499f01e3d3e4878c849436132022db	Change Method Access Modifier	1
1071cec7d1499f01e3d3e4878c849436132022db	Push Down Method	1
1071cec7d1499f01e3d3e4878c849436132022db	Change Method Access Modifier	1
1071cec7d1499f01e3d3e4878c849436132022db	Push Down Method	1
97d2bf5e66a6913f9ea20044a3e4be93d4447bf0	Remove Parameter	1
97d2bf5e66a6913f9ea20044a3e4be93d4447bf0	Rename Method	1
97d2bf5e66a6913f9ea20044a3e4be93d4447bf0	Rename Variable	1
d1b1def4a156088785b2b24c553a425085b3ae75	Add Attribute Annotation	1
6b945e5df70346036c54c2c54b3597c5e894baea	Change Method Access Modifier	1
6b945e5df70346036c54c2c54b3597c5e894baea	Change Method Access Modifier	1
6b945e5df70346036c54c2c54b3597c5e894baea	Change Method Access Modifier	1
6b945e5df70346036c54c2c54b3597c5e894baea	Change Method Access Modifier	1
6b945e5df70346036c54c2c54b3597c5e894baea	Change Method Access Modifier	1
6b945e5df70346036c54c2c54b3597c5e894baea	Change Method Access Modifier	1
6b945e5df70346036c54c2c54b3597c5e894baea	Change Method Access Modifier	1
6b945e5df70346036c54c2c54b3597c5e894baea	Change Method Access Modifier	1
6b945e5df70346036c54c2c54b3597c5e894baea	Change Method Access Modifier	1
6b945e5df70346036c54c2c54b3597c5e894baea	Change Method Access Modifier	1
6b945e5df70346036c54c2c54b3597c5e894baea	Change Method Access Modifier	1
6b945e5df70346036c54c2c54b3597c5e894baea	Change Method Access Modifier	1
6b945e5df70346036c54c2c54b3597c5e894baea	Change Method Access Modifier	1
ee01275c7609ae4b889e2b6b971d3ba8977d0cea	Rename Parameter	1
7970c3689300bb834e2f26f9d79987284510130b	Change Method Access Modifier	1
7970c3689300bb834e2f26f9d79987284510130b	Change Method Access Modifier	1
1f0e7f61adbc6ddec9c7b062a2d0dbb0e2fc7bc9	Move Class	1
1f0e7f61adbc6ddec9c7b062a2d0dbb0e2fc7bc9	Move Class	1
1f0e7f61adbc6ddec9c7b062a2d0dbb0e2fc7bc9	Move Class	1
e181db0015ff3f45154bfd8c9847180395757c8c	Change Method Access Modifier	1
e181db0015ff3f45154bfd8c9847180395757c8c	Change Method Access Modifier	1
e181db0015ff3f45154bfd8c9847180395757c8c	Extract And Move Method	1
e181db0015ff3f45154bfd8c9847180395757c8c	Extract And Move Method	1
e181db0015ff3f45154bfd8c9847180395757c8c	Extract And Move Method	1
9d9f12f80891042302560324fb78d6a9c4fc272d	Add Method Annotation	1
9d9f12f80891042302560324fb78d6a9c4fc272d	Add Method Annotation	1
9d9f12f80891042302560324fb78d6a9c4fc272d	Inline Method	1
9d9f12f80891042302560324fb78d6a9c4fc272d	Merge Variable	1
9d9f12f80891042302560324fb78d6a9c4fc272d	Inline Method	1
9d9f12f80891042302560324fb78d6a9c4fc272d	Extract Method	1
9d9f12f80891042302560324fb78d6a9c4fc272d	Change Parameter Type	1
9d9f12f80891042302560324fb78d6a9c4fc272d	Rename Parameter	1
9d9f12f80891042302560324fb78d6a9c4fc272d	Rename Attribute	1
9d9f12f80891042302560324fb78d6a9c4fc272d	Change Attribute Type	1
a167913e5dfa8dce8b131be36efab43365eea1d3	Change Method Access Modifier	1
a167913e5dfa8dce8b131be36efab43365eea1d3	Change Method Access Modifier	1
a167913e5dfa8dce8b131be36efab43365eea1d3	Change Method Access Modifier	1
a167913e5dfa8dce8b131be36efab43365eea1d3	Change Method Access Modifier	1
a167913e5dfa8dce8b131be36efab43365eea1d3	Change Method Access Modifier	1
a167913e5dfa8dce8b131be36efab43365eea1d3	Change Method Access Modifier	1
a167913e5dfa8dce8b131be36efab43365eea1d3	Change Method Access Modifier	1
a167913e5dfa8dce8b131be36efab43365eea1d3	Change Method Access Modifier	1
a167913e5dfa8dce8b131be36efab43365eea1d3	Change Method Access Modifier	1
7890effcee8e643d1f33649b41e8a2908d49d81e	Extract Variable	1
a25508a85ebb9b176fceee13b26c360a37cdd852	Remove Thrown Exception Type	1
a3520730a0037a79a934f87988c66ad826041317	Add Parameter	1
a3520730a0037a79a934f87988c66ad826041317	Rename Method	1
39dc305a148581453f670f5f5dd74518ed543ceb	Extract And Move Method	1
dce373c37d5c9fffc33613a8f6e8a7fccc0feb97	Add Thrown Exception Type	1
f829ac6ffb9cb3a98f84a42314854f9df1423ff2	Change Variable Type	1
236e8bd62fff1cf11676010100228637d67938db	Change Variable Type	1
236e8bd62fff1cf11676010100228637d67938db	Change Variable Type	1
236e8bd62fff1cf11676010100228637d67938db	Add Parameter	1
d6d9f9ead34dc80f99aac814f730cde5631dbbcf	Change Return Type	1
d6d9f9ead34dc80f99aac814f730cde5631dbbcf	Change Return Type	1
d6d9f9ead34dc80f99aac814f730cde5631dbbcf	Change Parameter Type	1
d6d9f9ead34dc80f99aac814f730cde5631dbbcf	Change Parameter Type	1
d6d9f9ead34dc80f99aac814f730cde5631dbbcf	Change Method Access Modifier	1
d6d9f9ead34dc80f99aac814f730cde5631dbbcf	Change Parameter Type	1
d6d9f9ead34dc80f99aac814f730cde5631dbbcf	Change Attribute Type	1
d6d9f9ead34dc80f99aac814f730cde5631dbbcf	Change Attribute Type	1
d6d9f9ead34dc80f99aac814f730cde5631dbbcf	Change Variable Type	1
d6d9f9ead34dc80f99aac814f730cde5631dbbcf	Change Variable Type	1
d6d9f9ead34dc80f99aac814f730cde5631dbbcf	Rename Variable	1
d6d9f9ead34dc80f99aac814f730cde5631dbbcf	Rename Variable	1
d6d9f9ead34dc80f99aac814f730cde5631dbbcf	Change Variable Type	1
d6d9f9ead34dc80f99aac814f730cde5631dbbcf	Change Variable Type	1
d6d9f9ead34dc80f99aac814f730cde5631dbbcf	Change Variable Type	1
d6d9f9ead34dc80f99aac814f730cde5631dbbcf	Change Variable Type	1
d6d9f9ead34dc80f99aac814f730cde5631dbbcf	Change Parameter Type	1
d6d9f9ead34dc80f99aac814f730cde5631dbbcf	Change Parameter Type	1
d6d9f9ead34dc80f99aac814f730cde5631dbbcf	Change Parameter Type	1
d6d9f9ead34dc80f99aac814f730cde5631dbbcf	Change Parameter Type	1
d6d9f9ead34dc80f99aac814f730cde5631dbbcf	Change Parameter Type	1
d6d9f9ead34dc80f99aac814f730cde5631dbbcf	Change Parameter Type	1
d6d9f9ead34dc80f99aac814f730cde5631dbbcf	Change Parameter Type	1
d6d9f9ead34dc80f99aac814f730cde5631dbbcf	Change Variable Type	1
d6d9f9ead34dc80f99aac814f730cde5631dbbcf	Change Variable Type	1
d6d9f9ead34dc80f99aac814f730cde5631dbbcf	Change Parameter Type	1
d6d9f9ead34dc80f99aac814f730cde5631dbbcf	Change Attribute Type	1
d6d9f9ead34dc80f99aac814f730cde5631dbbcf	Change Parameter Type	1
d6d9f9ead34dc80f99aac814f730cde5631dbbcf	Change Attribute Type	1
d6d9f9ead34dc80f99aac814f730cde5631dbbcf	Change Parameter Type	1
d6d9f9ead34dc80f99aac814f730cde5631dbbcf	Change Parameter Type	1
d6d9f9ead34dc80f99aac814f730cde5631dbbcf	Change Parameter Type	1
d6d9f9ead34dc80f99aac814f730cde5631dbbcf	Add Parameter	1
d6d9f9ead34dc80f99aac814f730cde5631dbbcf	Rename Class	1
d6d9f9ead34dc80f99aac814f730cde5631dbbcf	Change Parameter Type	1
c8fd0e4bc26cedf8436775ff89d2560979f69dac	Move Class	1
c8fd0e4bc26cedf8436775ff89d2560979f69dac	Move And Rename Method	1
c8fd0e4bc26cedf8436775ff89d2560979f69dac	Move And Rename Method	1
912c07dafac044190f73b9ac798be6917d74b69d	Change Parameter Type	1
912c07dafac044190f73b9ac798be6917d74b69d	Change Parameter Type	1
a0855480140ccbb7a799ded0ad5883ad83ef08cd	Change Parameter Type	1
a0855480140ccbb7a799ded0ad5883ad83ef08cd	Change Parameter Type	1
47cd73df897eafbbd1102c83f6ec9c16b103c736	Move And Rename Class	1
47cd73df897eafbbd1102c83f6ec9c16b103c736	Change Return Type	1
144f57ad4c04a81a6123d7983b79a339f6f0305b	Change Variable Type	1
795f2621064727de41e5ecd38be2122097acbdf4	Rename Class	1
795f2621064727de41e5ecd38be2122097acbdf4	Rename Class	1
467e7cced827ea546a52c252f37bf4999e3e4675	Rename Method	1
1e4f375e75a9eeddf0ea83b4e030deb2d7eaf92f	Rename Method	1
1e4f375e75a9eeddf0ea83b4e030deb2d7eaf92f	Change Return Type	1
1e4f375e75a9eeddf0ea83b4e030deb2d7eaf92f	Add Parameter	1
1e4f375e75a9eeddf0ea83b4e030deb2d7eaf92f	Add Parameter	1
1e4f375e75a9eeddf0ea83b4e030deb2d7eaf92f	Add Parameter	1
1e4f375e75a9eeddf0ea83b4e030deb2d7eaf92f	Remove Method Annotation	1
1e4f375e75a9eeddf0ea83b4e030deb2d7eaf92f	Change Method Access Modifier	1
1e4f375e75a9eeddf0ea83b4e030deb2d7eaf92f	Move And Rename Method	1
a067ecc55dac0662d572535c0acbb9d2a3331981	Remove Parameter	1
a067ecc55dac0662d572535c0acbb9d2a3331981	Remove Parameter	1
a067ecc55dac0662d572535c0acbb9d2a3331981	Rename Parameter	1
a067ecc55dac0662d572535c0acbb9d2a3331981	Rename Method	1
290e4f737a3e0f380b4b73e51d2831cc1f2851f5	Change Parameter Type	1
ba5479cf11484f92ac7b18887759ee9e60359ff6	Change Variable Type	1
ba5479cf11484f92ac7b18887759ee9e60359ff6	Rename Variable	1
ba5479cf11484f92ac7b18887759ee9e60359ff6	Rename Parameter	1
ba5479cf11484f92ac7b18887759ee9e60359ff6	Change Parameter Type	1
ba5479cf11484f92ac7b18887759ee9e60359ff6	Rename Attribute	1
ba5479cf11484f92ac7b18887759ee9e60359ff6	Change Attribute Type	1
ba5479cf11484f92ac7b18887759ee9e60359ff6	Change Variable Type	1
ba5479cf11484f92ac7b18887759ee9e60359ff6	Rename Variable	1
ba5479cf11484f92ac7b18887759ee9e60359ff6	Change Variable Type	1
ba5479cf11484f92ac7b18887759ee9e60359ff6	Rename Variable	1
ba5479cf11484f92ac7b18887759ee9e60359ff6	Change Variable Type	1
ba5479cf11484f92ac7b18887759ee9e60359ff6	Rename Variable	1
ba5479cf11484f92ac7b18887759ee9e60359ff6	Change Variable Type	1
ba5479cf11484f92ac7b18887759ee9e60359ff6	Rename Variable	1
ba5479cf11484f92ac7b18887759ee9e60359ff6	Change Variable Type	1
ba5479cf11484f92ac7b18887759ee9e60359ff6	Rename Variable	1
ba5479cf11484f92ac7b18887759ee9e60359ff6	Change Variable Type	1
ba5479cf11484f92ac7b18887759ee9e60359ff6	Rename Variable	1
ba5479cf11484f92ac7b18887759ee9e60359ff6	Change Variable Type	1
ba5479cf11484f92ac7b18887759ee9e60359ff6	Rename Variable	1
ba5479cf11484f92ac7b18887759ee9e60359ff6	Change Variable Type	1
ba5479cf11484f92ac7b18887759ee9e60359ff6	Rename Variable	1
ba5479cf11484f92ac7b18887759ee9e60359ff6	Change Variable Type	1
ba5479cf11484f92ac7b18887759ee9e60359ff6	Rename Variable	1
ba5479cf11484f92ac7b18887759ee9e60359ff6	Change Variable Type	1
ba5479cf11484f92ac7b18887759ee9e60359ff6	Rename Variable	1
ba5479cf11484f92ac7b18887759ee9e60359ff6	Change Variable Type	1
ba5479cf11484f92ac7b18887759ee9e60359ff6	Rename Variable	1
ba5479cf11484f92ac7b18887759ee9e60359ff6	Change Variable Type	1
ba5479cf11484f92ac7b18887759ee9e60359ff6	Rename Variable	1
ba5479cf11484f92ac7b18887759ee9e60359ff6	Change Variable Type	1
ba5479cf11484f92ac7b18887759ee9e60359ff6	Rename Variable	1
ba5479cf11484f92ac7b18887759ee9e60359ff6	Change Variable Type	1
ba5479cf11484f92ac7b18887759ee9e60359ff6	Rename Variable	1
ba5479cf11484f92ac7b18887759ee9e60359ff6	Change Variable Type	1
ba5479cf11484f92ac7b18887759ee9e60359ff6	Rename Variable	1
ba5479cf11484f92ac7b18887759ee9e60359ff6	Change Variable Type	1
ba5479cf11484f92ac7b18887759ee9e60359ff6	Rename Variable	1
ba5479cf11484f92ac7b18887759ee9e60359ff6	Change Variable Type	1
ba5479cf11484f92ac7b18887759ee9e60359ff6	Rename Variable	1
ba5479cf11484f92ac7b18887759ee9e60359ff6	Change Variable Type	1
ba5479cf11484f92ac7b18887759ee9e60359ff6	Rename Variable	1
ba5479cf11484f92ac7b18887759ee9e60359ff6	Change Variable Type	1
ba5479cf11484f92ac7b18887759ee9e60359ff6	Rename Variable	1
ba5479cf11484f92ac7b18887759ee9e60359ff6	Change Variable Type	1
ba5479cf11484f92ac7b18887759ee9e60359ff6	Rename Variable	1
ba5479cf11484f92ac7b18887759ee9e60359ff6	Change Variable Type	1
ba5479cf11484f92ac7b18887759ee9e60359ff6	Rename Variable	1
ba5479cf11484f92ac7b18887759ee9e60359ff6	Change Variable Type	1
ba5479cf11484f92ac7b18887759ee9e60359ff6	Rename Variable	1
ba5479cf11484f92ac7b18887759ee9e60359ff6	Change Variable Type	1
ba5479cf11484f92ac7b18887759ee9e60359ff6	Rename Variable	1
ba5479cf11484f92ac7b18887759ee9e60359ff6	Change Variable Type	1
ba5479cf11484f92ac7b18887759ee9e60359ff6	Rename Variable	1
ba5479cf11484f92ac7b18887759ee9e60359ff6	Change Variable Type	1
ba5479cf11484f92ac7b18887759ee9e60359ff6	Rename Variable	1
ba5479cf11484f92ac7b18887759ee9e60359ff6	Change Variable Type	1
ba5479cf11484f92ac7b18887759ee9e60359ff6	Rename Variable	1
ba5479cf11484f92ac7b18887759ee9e60359ff6	Change Variable Type	1
ba5479cf11484f92ac7b18887759ee9e60359ff6	Rename Variable	1
ba5479cf11484f92ac7b18887759ee9e60359ff6	Change Variable Type	1
ba5479cf11484f92ac7b18887759ee9e60359ff6	Rename Variable	1
ba5479cf11484f92ac7b18887759ee9e60359ff6	Change Variable Type	1
ba5479cf11484f92ac7b18887759ee9e60359ff6	Rename Variable	1
ba5479cf11484f92ac7b18887759ee9e60359ff6	Change Variable Type	1
ba5479cf11484f92ac7b18887759ee9e60359ff6	Rename Variable	1
ba5479cf11484f92ac7b18887759ee9e60359ff6	Change Variable Type	1
ba5479cf11484f92ac7b18887759ee9e60359ff6	Rename Variable	1
ba5479cf11484f92ac7b18887759ee9e60359ff6	Change Variable Type	1
ba5479cf11484f92ac7b18887759ee9e60359ff6	Rename Variable	1
ba5479cf11484f92ac7b18887759ee9e60359ff6	Change Variable Type	1
ba5479cf11484f92ac7b18887759ee9e60359ff6	Rename Variable	1
ba5479cf11484f92ac7b18887759ee9e60359ff6	Change Variable Type	1
ba5479cf11484f92ac7b18887759ee9e60359ff6	Rename Variable	1
ba5479cf11484f92ac7b18887759ee9e60359ff6	Change Variable Type	1
ba5479cf11484f92ac7b18887759ee9e60359ff6	Rename Variable	1
ba5479cf11484f92ac7b18887759ee9e60359ff6	Change Variable Type	1
ba5479cf11484f92ac7b18887759ee9e60359ff6	Rename Variable	1
93eddc9069e4fe783f5ca5d6b48045556b69f315	Change Return Type	1
ac1b1027f8d36d0fcd05e311982625452cb948ac	Remove Method Annotation	1
ac1b1027f8d36d0fcd05e311982625452cb948ac	Rename Parameter	1
ac1b1027f8d36d0fcd05e311982625452cb948ac	Change Parameter Type	1
ac1b1027f8d36d0fcd05e311982625452cb948ac	Rename Attribute	1
ac1b1027f8d36d0fcd05e311982625452cb948ac	Rename Attribute	1
083d451e5c6e44006e0d02423b5f7111427a7890	Rename Parameter	1
083d451e5c6e44006e0d02423b5f7111427a7890	Change Parameter Type	1
083d451e5c6e44006e0d02423b5f7111427a7890	Change Parameter Type	1
083d451e5c6e44006e0d02423b5f7111427a7890	Change Attribute Type	1
083d451e5c6e44006e0d02423b5f7111427a7890	Inline Variable	1
083d451e5c6e44006e0d02423b5f7111427a7890	Rename Attribute	1
083d451e5c6e44006e0d02423b5f7111427a7890	Change Attribute Type	1
083d451e5c6e44006e0d02423b5f7111427a7890	Add Method Annotation	1
083d451e5c6e44006e0d02423b5f7111427a7890	Rename Method	1
083d451e5c6e44006e0d02423b5f7111427a7890	Add Method Annotation	1
083d451e5c6e44006e0d02423b5f7111427a7890	Rename Method	1
083d451e5c6e44006e0d02423b5f7111427a7890	Add Method Annotation	1
083d451e5c6e44006e0d02423b5f7111427a7890	Rename Method	1
083d451e5c6e44006e0d02423b5f7111427a7890	Add Method Annotation	1
083d451e5c6e44006e0d02423b5f7111427a7890	Rename Method	1
083d451e5c6e44006e0d02423b5f7111427a7890	Add Method Annotation	1
083d451e5c6e44006e0d02423b5f7111427a7890	Rename Method	1
083d451e5c6e44006e0d02423b5f7111427a7890	Add Method Annotation	1
083d451e5c6e44006e0d02423b5f7111427a7890	Rename Method	1
083d451e5c6e44006e0d02423b5f7111427a7890	Add Method Annotation	1
083d451e5c6e44006e0d02423b5f7111427a7890	Rename Method	1
083d451e5c6e44006e0d02423b5f7111427a7890	Add Method Annotation	1
083d451e5c6e44006e0d02423b5f7111427a7890	Rename Method	1
083d451e5c6e44006e0d02423b5f7111427a7890	Remove Class Annotation	1
083d451e5c6e44006e0d02423b5f7111427a7890	Add Method Annotation	1
083d451e5c6e44006e0d02423b5f7111427a7890	Rename Method	1
083d451e5c6e44006e0d02423b5f7111427a7890	Add Method Annotation	1
083d451e5c6e44006e0d02423b5f7111427a7890	Rename Method	1
083d451e5c6e44006e0d02423b5f7111427a7890	Add Method Annotation	1
083d451e5c6e44006e0d02423b5f7111427a7890	Rename Method	1
083d451e5c6e44006e0d02423b5f7111427a7890	Add Method Annotation	1
083d451e5c6e44006e0d02423b5f7111427a7890	Rename Method	1
083d451e5c6e44006e0d02423b5f7111427a7890	Add Method Annotation	1
083d451e5c6e44006e0d02423b5f7111427a7890	Rename Method	1
083d451e5c6e44006e0d02423b5f7111427a7890	Add Method Annotation	1
083d451e5c6e44006e0d02423b5f7111427a7890	Rename Method	1
083d451e5c6e44006e0d02423b5f7111427a7890	Add Method Annotation	1
083d451e5c6e44006e0d02423b5f7111427a7890	Rename Method	1
083d451e5c6e44006e0d02423b5f7111427a7890	Add Method Annotation	1
083d451e5c6e44006e0d02423b5f7111427a7890	Rename Method	1
083d451e5c6e44006e0d02423b5f7111427a7890	Add Method Annotation	1
083d451e5c6e44006e0d02423b5f7111427a7890	Rename Method	1
083d451e5c6e44006e0d02423b5f7111427a7890	Add Method Annotation	1
083d451e5c6e44006e0d02423b5f7111427a7890	Rename Method	1
083d451e5c6e44006e0d02423b5f7111427a7890	Add Method Annotation	1
083d451e5c6e44006e0d02423b5f7111427a7890	Rename Method	1
083d451e5c6e44006e0d02423b5f7111427a7890	Add Method Annotation	1
083d451e5c6e44006e0d02423b5f7111427a7890	Rename Method	1
083d451e5c6e44006e0d02423b5f7111427a7890	Add Method Annotation	1
083d451e5c6e44006e0d02423b5f7111427a7890	Rename Method	1
083d451e5c6e44006e0d02423b5f7111427a7890	Add Method Annotation	1
083d451e5c6e44006e0d02423b5f7111427a7890	Rename Method	1
083d451e5c6e44006e0d02423b5f7111427a7890	Add Method Annotation	1
083d451e5c6e44006e0d02423b5f7111427a7890	Rename Method	1
083d451e5c6e44006e0d02423b5f7111427a7890	Add Method Annotation	1
083d451e5c6e44006e0d02423b5f7111427a7890	Rename Method	1
083d451e5c6e44006e0d02423b5f7111427a7890	Add Method Annotation	1
083d451e5c6e44006e0d02423b5f7111427a7890	Rename Method	1
083d451e5c6e44006e0d02423b5f7111427a7890	Add Method Annotation	1
083d451e5c6e44006e0d02423b5f7111427a7890	Rename Method	1
083d451e5c6e44006e0d02423b5f7111427a7890	Add Method Annotation	1
083d451e5c6e44006e0d02423b5f7111427a7890	Rename Method	1
083d451e5c6e44006e0d02423b5f7111427a7890	Add Method Annotation	1
083d451e5c6e44006e0d02423b5f7111427a7890	Rename Method	1
083d451e5c6e44006e0d02423b5f7111427a7890	Add Method Annotation	1
083d451e5c6e44006e0d02423b5f7111427a7890	Rename Method	1
083d451e5c6e44006e0d02423b5f7111427a7890	Add Method Annotation	1
083d451e5c6e44006e0d02423b5f7111427a7890	Rename Method	1
083d451e5c6e44006e0d02423b5f7111427a7890	Add Method Annotation	1
083d451e5c6e44006e0d02423b5f7111427a7890	Rename Method	1
083d451e5c6e44006e0d02423b5f7111427a7890	Add Method Annotation	1
083d451e5c6e44006e0d02423b5f7111427a7890	Rename Method	1
083d451e5c6e44006e0d02423b5f7111427a7890	Add Method Annotation	1
083d451e5c6e44006e0d02423b5f7111427a7890	Add Method Annotation	1
083d451e5c6e44006e0d02423b5f7111427a7890	Rename Method	1
083d451e5c6e44006e0d02423b5f7111427a7890	Add Method Annotation	1
083d451e5c6e44006e0d02423b5f7111427a7890	Rename Method	1
083d451e5c6e44006e0d02423b5f7111427a7890	Add Method Annotation	1
083d451e5c6e44006e0d02423b5f7111427a7890	Rename Method	1
083d451e5c6e44006e0d02423b5f7111427a7890	Add Method Annotation	1
083d451e5c6e44006e0d02423b5f7111427a7890	Rename Method	1
083d451e5c6e44006e0d02423b5f7111427a7890	Add Method Annotation	1
083d451e5c6e44006e0d02423b5f7111427a7890	Rename Method	1
083d451e5c6e44006e0d02423b5f7111427a7890	Add Method Annotation	1
083d451e5c6e44006e0d02423b5f7111427a7890	Rename Method	1
083d451e5c6e44006e0d02423b5f7111427a7890	Add Method Annotation	1
083d451e5c6e44006e0d02423b5f7111427a7890	Rename Method	1
083d451e5c6e44006e0d02423b5f7111427a7890	Add Method Annotation	1
083d451e5c6e44006e0d02423b5f7111427a7890	Rename Method	1
083d451e5c6e44006e0d02423b5f7111427a7890	Add Method Annotation	1
083d451e5c6e44006e0d02423b5f7111427a7890	Rename Method	1
083d451e5c6e44006e0d02423b5f7111427a7890	Add Method Annotation	1
083d451e5c6e44006e0d02423b5f7111427a7890	Add Method Annotation	1
083d451e5c6e44006e0d02423b5f7111427a7890	Rename Method	1
083d451e5c6e44006e0d02423b5f7111427a7890	Add Method Annotation	1
083d451e5c6e44006e0d02423b5f7111427a7890	Add Method Annotation	1
083d451e5c6e44006e0d02423b5f7111427a7890	Rename Method	1
083d451e5c6e44006e0d02423b5f7111427a7890	Add Method Annotation	1
083d451e5c6e44006e0d02423b5f7111427a7890	Add Method Annotation	1
083d451e5c6e44006e0d02423b5f7111427a7890	Rename Method	1
083d451e5c6e44006e0d02423b5f7111427a7890	Add Method Annotation	1
083d451e5c6e44006e0d02423b5f7111427a7890	Rename Method	1
083d451e5c6e44006e0d02423b5f7111427a7890	Add Method Annotation	1
083d451e5c6e44006e0d02423b5f7111427a7890	Rename Method	1
083d451e5c6e44006e0d02423b5f7111427a7890	Add Method Annotation	1
083d451e5c6e44006e0d02423b5f7111427a7890	Rename Method	1
083d451e5c6e44006e0d02423b5f7111427a7890	Add Method Annotation	1
083d451e5c6e44006e0d02423b5f7111427a7890	Rename Method	1
083d451e5c6e44006e0d02423b5f7111427a7890	Add Method Annotation	1
083d451e5c6e44006e0d02423b5f7111427a7890	Rename Method	1
083d451e5c6e44006e0d02423b5f7111427a7890	Add Method Annotation	1
083d451e5c6e44006e0d02423b5f7111427a7890	Rename Method	1
083d451e5c6e44006e0d02423b5f7111427a7890	Add Method Annotation	1
083d451e5c6e44006e0d02423b5f7111427a7890	Rename Method	1
083d451e5c6e44006e0d02423b5f7111427a7890	Add Method Annotation	1
083d451e5c6e44006e0d02423b5f7111427a7890	Rename Method	1
083d451e5c6e44006e0d02423b5f7111427a7890	Add Method Annotation	1
083d451e5c6e44006e0d02423b5f7111427a7890	Rename Method	1
083d451e5c6e44006e0d02423b5f7111427a7890	Add Method Annotation	1
083d451e5c6e44006e0d02423b5f7111427a7890	Rename Method	1
083d451e5c6e44006e0d02423b5f7111427a7890	Add Method Annotation	1
083d451e5c6e44006e0d02423b5f7111427a7890	Rename Method	1
083d451e5c6e44006e0d02423b5f7111427a7890	Add Method Annotation	1
083d451e5c6e44006e0d02423b5f7111427a7890	Rename Method	1
083d451e5c6e44006e0d02423b5f7111427a7890	Add Method Annotation	1
083d451e5c6e44006e0d02423b5f7111427a7890	Rename Method	1
083d451e5c6e44006e0d02423b5f7111427a7890	Add Method Annotation	1
083d451e5c6e44006e0d02423b5f7111427a7890	Rename Method	1
083d451e5c6e44006e0d02423b5f7111427a7890	Add Method Annotation	1
083d451e5c6e44006e0d02423b5f7111427a7890	Rename Method	1
083d451e5c6e44006e0d02423b5f7111427a7890	Add Method Annotation	1
083d451e5c6e44006e0d02423b5f7111427a7890	Rename Method	1
083d451e5c6e44006e0d02423b5f7111427a7890	Add Method Annotation	1
083d451e5c6e44006e0d02423b5f7111427a7890	Rename Method	1
083d451e5c6e44006e0d02423b5f7111427a7890	Add Method Annotation	1
083d451e5c6e44006e0d02423b5f7111427a7890	Rename Method	1
083d451e5c6e44006e0d02423b5f7111427a7890	Add Method Annotation	1
083d451e5c6e44006e0d02423b5f7111427a7890	Rename Method	1
083d451e5c6e44006e0d02423b5f7111427a7890	Add Method Annotation	1
083d451e5c6e44006e0d02423b5f7111427a7890	Rename Method	1
083d451e5c6e44006e0d02423b5f7111427a7890	Add Method Annotation	1
083d451e5c6e44006e0d02423b5f7111427a7890	Rename Method	1
083d451e5c6e44006e0d02423b5f7111427a7890	Add Method Annotation	1
083d451e5c6e44006e0d02423b5f7111427a7890	Rename Method	1
083d451e5c6e44006e0d02423b5f7111427a7890	Add Method Annotation	1
083d451e5c6e44006e0d02423b5f7111427a7890	Rename Method	1
083d451e5c6e44006e0d02423b5f7111427a7890	Add Method Annotation	1
083d451e5c6e44006e0d02423b5f7111427a7890	Add Thrown Exception Type	1
083d451e5c6e44006e0d02423b5f7111427a7890	Rename Method	1
083d451e5c6e44006e0d02423b5f7111427a7890	Add Method Annotation	1
083d451e5c6e44006e0d02423b5f7111427a7890	Rename Method	1
083d451e5c6e44006e0d02423b5f7111427a7890	Add Method Annotation	1
083d451e5c6e44006e0d02423b5f7111427a7890	Rename Method	1
083d451e5c6e44006e0d02423b5f7111427a7890	Add Method Annotation	1
083d451e5c6e44006e0d02423b5f7111427a7890	Rename Method	1
083d451e5c6e44006e0d02423b5f7111427a7890	Add Method Annotation	1
083d451e5c6e44006e0d02423b5f7111427a7890	Add Method Annotation	1
083d451e5c6e44006e0d02423b5f7111427a7890	Rename Method	1
083d451e5c6e44006e0d02423b5f7111427a7890	Add Method Annotation	1
083d451e5c6e44006e0d02423b5f7111427a7890	Rename Method	1
083d451e5c6e44006e0d02423b5f7111427a7890	Add Method Annotation	1
083d451e5c6e44006e0d02423b5f7111427a7890	Rename Method	1
083d451e5c6e44006e0d02423b5f7111427a7890	Add Method Annotation	1
083d451e5c6e44006e0d02423b5f7111427a7890	Rename Method	1
083d451e5c6e44006e0d02423b5f7111427a7890	Add Method Annotation	1
083d451e5c6e44006e0d02423b5f7111427a7890	Rename Method	1
083d451e5c6e44006e0d02423b5f7111427a7890	Add Method Annotation	1
083d451e5c6e44006e0d02423b5f7111427a7890	Rename Method	1
083d451e5c6e44006e0d02423b5f7111427a7890	Add Method Annotation	1
083d451e5c6e44006e0d02423b5f7111427a7890	Rename Method	1
083d451e5c6e44006e0d02423b5f7111427a7890	Add Method Annotation	1
083d451e5c6e44006e0d02423b5f7111427a7890	Rename Method	1
083d451e5c6e44006e0d02423b5f7111427a7890	Add Method Annotation	1
083d451e5c6e44006e0d02423b5f7111427a7890	Rename Method	1
083d451e5c6e44006e0d02423b5f7111427a7890	Add Method Annotation	1
083d451e5c6e44006e0d02423b5f7111427a7890	Rename Method	1
083d451e5c6e44006e0d02423b5f7111427a7890	Add Method Annotation	1
083d451e5c6e44006e0d02423b5f7111427a7890	Rename Method	1
083d451e5c6e44006e0d02423b5f7111427a7890	Add Method Annotation	1
083d451e5c6e44006e0d02423b5f7111427a7890	Rename Method	1
083d451e5c6e44006e0d02423b5f7111427a7890	Add Method Annotation	1
083d451e5c6e44006e0d02423b5f7111427a7890	Rename Method	1
083d451e5c6e44006e0d02423b5f7111427a7890	Add Method Annotation	1
083d451e5c6e44006e0d02423b5f7111427a7890	Rename Method	1
083d451e5c6e44006e0d02423b5f7111427a7890	Add Method Annotation	1
083d451e5c6e44006e0d02423b5f7111427a7890	Rename Method	1
083d451e5c6e44006e0d02423b5f7111427a7890	Add Method Annotation	1
083d451e5c6e44006e0d02423b5f7111427a7890	Rename Method	1
083d451e5c6e44006e0d02423b5f7111427a7890	Remove Class Annotation	1
083d451e5c6e44006e0d02423b5f7111427a7890	Add Method Annotation	1
083d451e5c6e44006e0d02423b5f7111427a7890	Rename Method	1
083d451e5c6e44006e0d02423b5f7111427a7890	Add Method Annotation	1
083d451e5c6e44006e0d02423b5f7111427a7890	Rename Method	1
083d451e5c6e44006e0d02423b5f7111427a7890	Add Method Annotation	1
083d451e5c6e44006e0d02423b5f7111427a7890	Rename Method	1
083d451e5c6e44006e0d02423b5f7111427a7890	Add Method Annotation	1
083d451e5c6e44006e0d02423b5f7111427a7890	Rename Method	1
083d451e5c6e44006e0d02423b5f7111427a7890	Add Method Annotation	1
083d451e5c6e44006e0d02423b5f7111427a7890	Rename Method	1
083d451e5c6e44006e0d02423b5f7111427a7890	Add Method Annotation	1
083d451e5c6e44006e0d02423b5f7111427a7890	Rename Method	1
083d451e5c6e44006e0d02423b5f7111427a7890	Add Method Annotation	1
083d451e5c6e44006e0d02423b5f7111427a7890	Rename Method	1
083d451e5c6e44006e0d02423b5f7111427a7890	Add Method Annotation	1
083d451e5c6e44006e0d02423b5f7111427a7890	Rename Method	1
083d451e5c6e44006e0d02423b5f7111427a7890	Add Method Annotation	1
083d451e5c6e44006e0d02423b5f7111427a7890	Rename Method	1
083d451e5c6e44006e0d02423b5f7111427a7890	Add Method Annotation	1
083d451e5c6e44006e0d02423b5f7111427a7890	Rename Method	1
083d451e5c6e44006e0d02423b5f7111427a7890	Add Method Annotation	1
083d451e5c6e44006e0d02423b5f7111427a7890	Rename Method	1
083d451e5c6e44006e0d02423b5f7111427a7890	Add Method Annotation	1
083d451e5c6e44006e0d02423b5f7111427a7890	Rename Method	1
083d451e5c6e44006e0d02423b5f7111427a7890	Add Method Annotation	1
083d451e5c6e44006e0d02423b5f7111427a7890	Rename Method	1
083d451e5c6e44006e0d02423b5f7111427a7890	Add Method Annotation	1
083d451e5c6e44006e0d02423b5f7111427a7890	Rename Method	1
083d451e5c6e44006e0d02423b5f7111427a7890	Add Method Annotation	1
083d451e5c6e44006e0d02423b5f7111427a7890	Rename Method	1
083d451e5c6e44006e0d02423b5f7111427a7890	Add Method Annotation	1
083d451e5c6e44006e0d02423b5f7111427a7890	Rename Method	1
083d451e5c6e44006e0d02423b5f7111427a7890	Add Method Annotation	1
083d451e5c6e44006e0d02423b5f7111427a7890	Rename Method	1
083d451e5c6e44006e0d02423b5f7111427a7890	Add Method Annotation	1
083d451e5c6e44006e0d02423b5f7111427a7890	Rename Method	1
083d451e5c6e44006e0d02423b5f7111427a7890	Add Method Annotation	1
083d451e5c6e44006e0d02423b5f7111427a7890	Rename Method	1
083d451e5c6e44006e0d02423b5f7111427a7890	Add Method Annotation	1
083d451e5c6e44006e0d02423b5f7111427a7890	Rename Method	1
083d451e5c6e44006e0d02423b5f7111427a7890	Add Method Annotation	1
083d451e5c6e44006e0d02423b5f7111427a7890	Rename Method	1
083d451e5c6e44006e0d02423b5f7111427a7890	Add Method Annotation	1
083d451e5c6e44006e0d02423b5f7111427a7890	Rename Method	1
083d451e5c6e44006e0d02423b5f7111427a7890	Add Method Annotation	1
083d451e5c6e44006e0d02423b5f7111427a7890	Rename Method	1
083d451e5c6e44006e0d02423b5f7111427a7890	Add Method Annotation	1
083d451e5c6e44006e0d02423b5f7111427a7890	Rename Method	1
083d451e5c6e44006e0d02423b5f7111427a7890	Add Method Annotation	1
083d451e5c6e44006e0d02423b5f7111427a7890	Rename Method	1
083d451e5c6e44006e0d02423b5f7111427a7890	Add Method Annotation	1
083d451e5c6e44006e0d02423b5f7111427a7890	Rename Method	1
083d451e5c6e44006e0d02423b5f7111427a7890	Add Method Annotation	1
083d451e5c6e44006e0d02423b5f7111427a7890	Rename Method	1
083d451e5c6e44006e0d02423b5f7111427a7890	Add Method Annotation	1
083d451e5c6e44006e0d02423b5f7111427a7890	Rename Method	1
083d451e5c6e44006e0d02423b5f7111427a7890	Add Method Annotation	1
083d451e5c6e44006e0d02423b5f7111427a7890	Rename Method	1
083d451e5c6e44006e0d02423b5f7111427a7890	Add Method Annotation	1
083d451e5c6e44006e0d02423b5f7111427a7890	Rename Method	1
083d451e5c6e44006e0d02423b5f7111427a7890	Add Method Annotation	1
083d451e5c6e44006e0d02423b5f7111427a7890	Rename Method	1
083d451e5c6e44006e0d02423b5f7111427a7890	Add Method Annotation	1
083d451e5c6e44006e0d02423b5f7111427a7890	Rename Method	1
083d451e5c6e44006e0d02423b5f7111427a7890	Add Method Annotation	1
083d451e5c6e44006e0d02423b5f7111427a7890	Rename Method	1
083d451e5c6e44006e0d02423b5f7111427a7890	Add Method Annotation	1
083d451e5c6e44006e0d02423b5f7111427a7890	Rename Method	1
